month,state,permit,totals
2018-09,Alabama,19471,32706
2018-09,Alaska,212,5699
2018-09,Arizona,9651,30667
2018-09,Arkansas,4265,17072
2018-09,California,34638,91975
2018-09,Colorado,6491,35347
2018-09,Connecticut,5777,12754
2018-09,Delaware,154,2843
2018-09,District of Columbia,119,203
2018-09,Florida,14805,78804
2018-09,Georgia,14708,36097
2018-09,Guam,0,120
2018-09,Hawaii,971,975
2018-09,Idaho,6119,15566
2018-09,Illinois,12726,228695
2018-09,Indiana,25056,51787
2018-09,Iowa,5640,13861
2018-09,Kansas,1380,11429
2018-09,Kentucky,393160,409385
2018-09,Louisiana,3102,25058
2018-09,Maine,518,7926
2018-09,Mariana Islands,0,8
2018-09,Maryland,1948,10237
2018-09,Massachusetts,9704,16320
2018-09,Michigan,16189,34781
2018-09,Minnesota,24667,43339
2018-09,Mississippi,2074,17683
2018-09,Missouri,1867,35005
2018-09,Montana,1051,9770
2018-09,Nebraska,2923,4763
2018-09,Nevada,1730,8486
2018-09,New Hampshire,1339,9009
2018-09,New Jersey,0,6138
2018-09,New Mexico,891,11160
2018-09,New York,2763,29374
2018-09,North Carolina,15458,29572
2018-09,North Dakota,382,5226
2018-09,Ohio,10640,45698
2018-09,Oklahoma,1096,22160
2018-09,Oregon,4049,26644
2018-09,Pennsylvania,20170,70420
2018-09,Puerto Rico,0,2490
2018-09,Rhode Island,0,1621
2018-09,South Carolina,6193,20159
2018-09,South Dakota,1054,7305
2018-09,Tennessee,14255,46134
2018-09,Texas,39254,121366
2018-09,Utah,10846,18221
2018-09,Vermont,0,3590
2018-09,Virgin Islands,77,99
2018-09,Virginia,2169,33627
2018-09,Washington,11446,42874
2018-09,West Virginia,1973,15411
2018-09,Wisconsin,7944,33194
2018-09,Wyoming,564,4988
2018-08,Alabama,22465,37227
2018-08,Alaska,218,6818
2018-08,Arizona,12014,34149
2018-08,Arkansas,5684,20502
2018-08,California,38687,103019
2018-08,Colorado,10004,40922
2018-08,Connecticut,7057,14338
2018-08,Delaware,173,2914
2018-08,District of Columbia,235,329
2018-08,Florida,17524,89711
2018-08,Georgia,17288,40046
2018-08,Guam,0,133
2018-08,Hawaii,1125,1129
2018-08,Idaho,5550,14312
2018-08,Illinois,14583,242864
2018-08,Indiana,31327,60712
2018-08,Iowa,6819,14306
2018-08,Kansas,1902,12690
2018-08,Kentucky,393679,411800
2018-08,Louisiana,2866,24273
2018-08,Maine,466,6951
2018-08,Mariana Islands,0,13
2018-08,Maryland,2612,11281
2018-08,Massachusetts,10497,17975
2018-08,Michigan,19265,36381
2018-08,Minnesota,28585,41548
2018-08,Mississippi,2496,20545
2018-08,Missouri,1381,37674
2018-08,Montana,1069,9309
2018-08,Nebraska,2744,4456
2018-08,Nevada,2104,9350
2018-08,New Hampshire,1431,9005
2018-08,New Jersey,0,7216
2018-08,New Mexico,796,12038
2018-08,New York,2942,27145
2018-08,North Carolina,22956,39800
2018-08,North Dakota,546,4700
2018-08,Ohio,14802,50289
2018-08,Oklahoma,8,24190
2018-08,Oregon,4732,25648
2018-08,Pennsylvania,23896,74944
2018-08,Puerto Rico,0,2816
2018-08,Rhode Island,0,1733
2018-08,South Carolina,10452,27280
2018-08,South Dakota,1426,7156
2018-08,Tennessee,17141,52483
2018-08,Texas,45037,134727
2018-08,Utah,15480,22634
2018-08,Vermont,0,2781
2018-08,Virgin Islands,27,59
2018-08,Virginia,1786,34578
2018-08,Washington,13560,44867
2018-08,West Virginia,2248,15366
2018-08,Wisconsin,9330,32732
2018-08,Wyoming,279,4445
2018-07,Alabama,20642,32572
2018-07,Alaska,307,5714
2018-07,Arizona,6265,26359
2018-07,Arkansas,7406,19399
2018-07,California,39153,94672
2018-07,Colorado,9818,37788
2018-07,Connecticut,6810,13650
2018-07,Delaware,266,2840
2018-07,District of Columbia,156,246
2018-07,Florida,15888,82909
2018-07,Georgia,15689,34244
2018-07,Guam,0,145
2018-07,Hawaii,1050,1057
2018-07,Idaho,6898,14478
2018-07,Illinois,13684,198971
2018-07,Indiana,36004,60457
2018-07,Iowa,4429,10329
2018-07,Kansas,1781,11364
2018-07,Kentucky,379409,393583
2018-07,Louisiana,2657,20229
2018-07,Maine,533,5968
2018-07,Mariana Islands,0,15
2018-07,Maryland,2424,10020
2018-07,Massachusetts,8310,14275
2018-07,Michigan,17657,32443
2018-07,Minnesota,26954,36279
2018-07,Mississippi,1850,14206
2018-07,Missouri,733,30157
2018-07,Montana,995,7794
2018-07,Nebraska,2973,4220
2018-07,Nevada,2530,8903
2018-07,New Hampshire,1289,8029
2018-07,New Jersey,0,6857
2018-07,New Mexico,767,10485
2018-07,New York,2615,22405
2018-07,North Carolina,22044,35244
2018-07,North Dakota,589,3791
2018-07,Ohio,13859,45689
2018-07,Oklahoma,2,19932
2018-07,Oregon,4733,23171
2018-07,Pennsylvania,22245,66391
2018-07,Puerto Rico,0,2268
2018-07,Rhode Island,0,1472
2018-07,South Carolina,4018,17434
2018-07,South Dakota,954,5385
2018-07,Tennessee,18098,48261
2018-07,Texas,49290,122071
2018-07,Utah,15950,22301
2018-07,Vermont,0,2313
2018-07,Virgin Islands,97,138
2018-07,Virginia,1802,32931
2018-07,Washington,12969,41040
2018-07,West Virginia,2354,13136
2018-07,Wisconsin,8542,26598
2018-07,Wyoming,610,4118
2018-06,Alabama,19140,32572
2018-06,Alaska,250,6330
2018-06,Arizona,7179,28041
2018-06,Arkansas,6651,18809
2018-06,California,38623,99683
2018-06,Colorado,9778,38395
2018-06,Connecticut,7210,14440
2018-06,Delaware,395,3211
2018-06,District of Columbia,176,259
2018-06,Florida,17573,88991
2018-06,Georgia,14667,35963
2018-06,Guam,0,146
2018-06,Hawaii,1168,1170
2018-06,Idaho,6581,15401
2018-06,Illinois,12711,225006
2018-06,Indiana,47508,74423
2018-06,Iowa,4850,10904
2018-06,Kansas,2074,11501
2018-06,Kentucky,395679,411606
2018-06,Louisiana,2937,22339
2018-06,Maine,512,6156
2018-06,Mariana Islands,0,17
2018-06,Maryland,2154,10333
2018-06,Massachusetts,9045,15930
2018-06,Michigan,17691,33308
2018-06,Minnesota,28390,38204
2018-06,Mississippi,2123,15858
2018-06,Missouri,658,32616
2018-06,Montana,1171,8746
2018-06,Nebraska,3140,4418
2018-06,Nevada,2220,9442
2018-06,New Hampshire,1260,8511
2018-06,New Jersey,0,7413
2018-06,New Mexico,979,11259
2018-06,New York,2168,23921
2018-06,North Carolina,22909,37350
2018-06,North Dakota,724,4124
2018-06,Ohio,15490,47756
2018-06,Oklahoma,1,22471
2018-06,Oregon,5105,26685
2018-06,Pennsylvania,22056,71106
2018-06,Puerto Rico,0,2522
2018-06,Rhode Island,0,1685
2018-06,South Carolina,3611,18597
2018-06,South Dakota,954,5779
2018-06,Tennessee,14845,47938
2018-06,Texas,25805,108008
2018-06,Utah,22412,29176
2018-06,Vermont,0,2725
2018-06,Virgin Islands,65,116
2018-06,Virginia,2384,32496
2018-06,Washington,12764,44090
2018-06,West Virginia,2315,14127
2018-06,Wisconsin,7537,26403
2018-06,Wyoming,467,4362
2018-05,Alabama,19919,33193
2018-05,Alaska,318,7548
2018-05,Arizona,6691,28285
2018-05,Arkansas,6293,17667
2018-05,California,40430,104498
2018-05,Colorado,11662,41583
2018-05,Connecticut,7459,14409
2018-05,Delaware,722,3674
2018-05,District of Columbia,199,289
2018-05,Florida,21026,95481
2018-05,Georgia,18886,39528
2018-05,Guam,0,156
2018-05,Hawaii,1185,1187
2018-05,Idaho,9651,18243
2018-05,Illinois,13239,233963
2018-05,Indiana,51103,78143
2018-05,Iowa,6620,13766
2018-05,Kansas,1816,11062
2018-05,Kentucky,379571,395487
2018-05,Louisiana,2794,20265
2018-05,Maine,754,6847
2018-05,Mariana Islands,0,13
2018-05,Maryland,3076,11990
2018-05,Massachusetts,11331,18574
2018-05,Michigan,19715,35563
2018-05,Minnesota,36965,47533
2018-05,Mississippi,2717,15999
2018-05,Missouri,710,31607
2018-05,Montana,1279,8952
2018-05,Nebraska,3803,5165
2018-05,Nevada,2952,10327
2018-05,New Hampshire,2339,9875
2018-05,New Jersey,0,8037
2018-05,New Mexico,1130,11432
2018-05,New York,2877,25621
2018-05,North Carolina,28921,43211
2018-05,North Dakota,1022,4539
2018-05,Ohio,17766,51734
2018-05,Oklahoma,5,21697
2018-05,Oregon,5774,28305
2018-05,Pennsylvania,23778,75296
2018-05,Puerto Rico,0,2616
2018-05,Rhode Island,0,1887
2018-05,South Carolina,2725,17103
2018-05,South Dakota,846,5720
2018-05,Tennessee,18763,50613
2018-05,Texas,32974,111159
2018-05,Utah,24171,31638
2018-05,Vermont,2,2818
2018-05,Virgin Islands,93,136
2018-05,Virginia,1222,32135
2018-05,Washington,14889,46008
2018-05,West Virginia,5229,17108
2018-05,Wisconsin,8419,28841
2018-05,Wyoming,670,4820
2018-04,Alabama,20808,34915
2018-04,Alaska,276,7367
2018-04,Arizona,7102,31658
2018-04,Arkansas,5363,18240
2018-04,California,53448,121478
2018-04,Colorado,11917,47462
2018-04,Connecticut,7142,15269
2018-04,Delaware,764,4988
2018-04,District of Columbia,224,321
2018-04,Florida,22491,102426
2018-04,Georgia,21145,43671
2018-04,Guam,0,155
2018-04,Hawaii,1387,1393
2018-04,Idaho,7497,16974
2018-04,Illinois,18258,238774
2018-04,Indiana,43928,78367
2018-04,Iowa,10536,17457
2018-04,Kansas,1382,13184
2018-04,Kentucky,390433,409485
2018-04,Louisiana,3109,22491
2018-04,Maine,787,8745
2018-04,Mariana Islands,0,22
2018-04,Maryland,3555,14105
2018-04,Massachusetts,9563,17983
2018-04,Michigan,22715,44190
2018-04,Minnesota,46888,64410
2018-04,Mississippi,2814,17470
2018-04,Missouri,944,38859
2018-04,Montana,1531,9795
2018-04,Nebraska,4926,6643
2018-04,Nevada,3313,11470
2018-04,New Hampshire,1916,11372
2018-04,New Jersey,0,8958
2018-04,New Mexico,1073,12859
2018-04,New York,3950,33326
2018-04,North Carolina,31747,47770
2018-04,North Dakota,872,5793
2018-04,Ohio,19651,65456
2018-04,Oklahoma,4,25345
2018-04,Oregon,5900,32494
2018-04,Pennsylvania,29767,91401
2018-04,Puerto Rico,0,2224
2018-04,Rhode Island,0,2332
2018-04,South Carolina,2612,19286
2018-04,South Dakota,917,7040
2018-04,Tennessee,16106,53166
2018-04,Texas,29547,114704
2018-04,Utah,20770,29213
2018-04,Vermont,0,5081
2018-04,Virgin Islands,70,133
2018-04,Virginia,1233,37720
2018-04,Washington,16239,51693
2018-04,West Virginia,8021,22379
2018-04,Wisconsin,11655,41542
2018-04,Wyoming,702,5065
2018-03,Alabama,29286,50610
2018-03,Alaska,261,7800
2018-03,Arizona,7782,41551
2018-03,Arkansas,4007,24492
2018-03,California,50714,136228
2018-03,Colorado,14922,61839
2018-03,Connecticut,7081,18091
2018-03,Delaware,669,6298
2018-03,District of Columbia,284,381
2018-03,Florida,27957,137997
2018-03,Georgia,31261,67791
2018-03,Guam,0,146
2018-03,Hawaii,1417,1420
2018-03,Idaho,11108,24342
2018-03,Illinois,24775,271714
2018-03,Indiana,70713,121376
2018-03,Iowa,14986,21697
2018-03,Kansas,817,18772
2018-03,Kentucky,390708,421247
2018-03,Louisiana,4451,31519
2018-03,Maine,892,10684
2018-03,Mariana Islands,0,25
2018-03,Maryland,3653,17841
2018-03,Massachusetts,10734,22326
2018-03,Michigan,27407,59589
2018-03,Minnesota,51098,72268
2018-03,Mississippi,3776,27387
2018-03,Missouri,1186,58076
2018-03,Montana,1845,13402
2018-03,Nebraska,6293,9048
2018-03,Nevada,2825,14322
2018-03,New Hampshire,2301,14184
2018-03,New Jersey,0,10195
2018-03,New Mexico,1467,18357
2018-03,New York,3089,37050
2018-03,North Carolina,37263,61950
2018-03,North Dakota,775,6803
2018-03,Ohio,21984,91247
2018-03,Oklahoma,8,35317
2018-03,Oregon,6514,41616
2018-03,Pennsylvania,34317,123031
2018-03,Puerto Rico,0,2072
2018-03,Rhode Island,0,3528
2018-03,South Carolina,4113,29427
2018-03,South Dakota,1264,10135
2018-03,Tennessee,17501,71458
2018-03,Texas,37551,161200
2018-03,Utah,21478,33649
2018-03,Vermont,0,6177
2018-03,Virgin Islands,158,195
2018-03,Virginia,1120,55765
2018-03,Washington,18818,66587
2018-03,West Virginia,18251,40701
2018-03,Wisconsin,15625,56482
2018-03,Wyoming,602,6476
2018-02,Alabama,24547,45171
2018-02,Alaska,214,5392
2018-02,Arizona,6513,36281
2018-02,Arkansas,4341,24266
2018-02,California,39165,107649
2018-02,Colorado,9321,47221
2018-02,Connecticut,6597,15617
2018-02,Delaware,672,4651
2018-02,District of Columbia,151,217
2018-02,Florida,21971,119561
2018-02,Georgia,24308,57838
2018-02,Guam,0,146
2018-02,Hawaii,1069,1074
2018-02,Idaho,9910,20359
2018-02,Illinois,21425,185288
2018-02,Indiana,39795,81904
2018-02,Iowa,12031,17387
2018-02,Kansas,1990,18016
2018-02,Kentucky,387471,417418
2018-02,Louisiana,2148,26449
2018-02,Maine,596,7816
2018-02,Mariana Islands,0,20
2018-02,Maryland,2691,13245
2018-02,Massachusetts,7360,16463
2018-02,Michigan,20478,44706
2018-02,Minnesota,35973,49636
2018-02,Mississippi,2568,25182
2018-02,Missouri,744,49381
2018-02,Montana,1474,9983
2018-02,Nebraska,5289,7585
2018-02,Nevada,2823,12407
2018-02,New Hampshire,2346,11486
2018-02,New Jersey,0,8459
2018-02,New Mexico,1170,15891
2018-02,New York,2670,31129
2018-02,North Carolina,30480,53082
2018-02,North Dakota,710,5116
2018-02,Ohio,15308,73240
2018-02,Oklahoma,0,31763
2018-02,Oregon,5200,32397
2018-02,Pennsylvania,30952,98075
2018-02,Puerto Rico,0,2076
2018-02,Rhode Island,0,2646
2018-02,South Carolina,5080,28968
2018-02,South Dakota,835,8086
2018-02,Tennessee,16709,66667
2018-02,Texas,36801,155942
2018-02,Utah,12863,22632
2018-02,Vermont,0,3870
2018-02,Virgin Islands,3,41
2018-02,Virginia,1474,47385
2018-02,Washington,15794,53915
2018-02,West Virginia,3739,23344
2018-02,Wisconsin,14483,43777
2018-02,Wyoming,504,5057
2018-01,Alabama,23930,38477
2018-01,Alaska,207,4429
2018-01,Arizona,5686,28627
2018-01,Arkansas,4162,17483
2018-01,California,55292,119910
2018-01,Colorado,9683,41989
2018-01,Connecticut,6015,13775
2018-01,Delaware,639,3684
2018-01,District of Columbia,206,283
2018-01,Florida,19683,98243
2018-01,Georgia,23676,45591
2018-01,Guam,0,135
2018-01,Hawaii,1182,1185
2018-01,Idaho,7505,15060
2018-01,Illinois,18881,170007
2018-01,Indiana,52908,83769
2018-01,Iowa,13276,19745
2018-01,Kansas,1930,13782
2018-01,Kentucky,384989,402376
2018-01,Louisiana,1582,20744
2018-01,Maine,704,5850
2018-01,Mariana Islands,0,10
2018-01,Maryland,3026,12564
2018-01,Massachusetts,8426,16120
2018-01,Michigan,19922,35895
2018-01,Minnesota,40076,50478
2018-01,Mississippi,2146,16642
2018-01,Missouri,742,35204
2018-01,Montana,1278,7448
2018-01,Nebraska,4602,6645
2018-01,Nevada,2461,9952
2018-01,New Hampshire,1914,8758
2018-01,New Jersey,0,8010
2018-01,New Mexico,1209,11783
2018-01,New York,2977,26079
2018-01,North Carolina,27638,43439
2018-01,North Dakota,789,4388
2018-01,Ohio,13183,52079
2018-01,Oklahoma,0,23460
2018-01,Oregon,5158,27037
2018-01,Pennsylvania,29797,78428
2018-01,Puerto Rico,0,2022
2018-01,Rhode Island,0,1882
2018-01,South Carolina,6304,22311
2018-01,South Dakota,872,6556
2018-01,Tennessee,20657,55251
2018-01,Texas,36042,123042
2018-01,Utah,13727,21187
2018-01,Vermont,0,2268
2018-01,Virgin Islands,90,137
2018-01,Virginia,1109,35206
2018-01,Washington,18112,51432
2018-01,West Virginia,2838,15102
2018-01,Wisconsin,16462,36791
2018-01,Wyoming,384,3971
2017-12,Alabama,24496,56545
2017-12,Alaska,249,8330
2017-12,Arizona,6243,41559
2017-12,Arkansas,3339,29559
2017-12,California,53885,142492
2017-12,Colorado,8736,59800
2017-12,Connecticut,5424,15455
2017-12,Delaware,360,5544
2017-12,District of Columbia,139,204
2017-12,Florida,20978,137355
2017-12,Georgia,18503,64491
2017-12,Guam,0,181
2017-12,Hawaii,1118,1119
2017-12,Idaho,4975,19750
2017-12,Illinois,18020,163756
2017-12,Indiana,41805,92261
2017-12,Iowa,10375,19236
2017-12,Kansas,1581,23133
2017-12,Kentucky,380648,417841
2017-12,Louisiana,1608,41735
2017-12,Maine,443,9364
2017-12,Mariana Islands,0,23
2017-12,Maryland,2761,16062
2017-12,Massachusetts,7619,17941
2017-12,Michigan,17058,45578
2017-12,Minnesota,33548,51143
2017-12,Mississippi,1977,35528
2017-12,Missouri,841,62810
2017-12,Montana,1127,12979
2017-12,Nebraska,4660,8953
2017-12,Nevada,1994,13626
2017-12,New Hampshire,2099,12035
2017-12,New Jersey,0,9341
2017-12,New Mexico,945,18635
2017-12,New York,2757,36347
2017-12,North Carolina,24036,57209
2017-12,North Dakota,793,6528
2017-12,Ohio,10932,78726
2017-12,Oklahoma,0,41245
2017-12,Oregon,4602,38537
2017-12,Pennsylvania,29194,107730
2017-12,Puerto Rico,0,2767
2017-12,Rhode Island,0,2269
2017-12,South Carolina,6004,38260
2017-12,South Dakota,818,10507
2017-12,Tennessee,19260,87983
2017-12,Texas,24815,181236
2017-12,Utah,10954,27220
2017-12,Vermont,0,3759
2017-12,Virgin Islands,108,131
2017-12,Virginia,727,60398
2017-12,Washington,14326,58937
2017-12,West Virginia,2207,27273
2017-12,Wisconsin,15392,47120
2017-12,Wyoming,435,6940
2017-11,Alabama,21670,47418
2017-11,Alaska,336,7527
2017-11,Arizona,5857,34541
2017-11,Arkansas,2622,26049
2017-11,California,54897,140695
2017-11,Colorado,6887,51473
2017-11,Connecticut,5096,14334
2017-11,Delaware,200,4577
2017-11,District of Columbia,289,365
2017-11,Florida,19099,123397
2017-11,Georgia,18672,54950
2017-11,Guam,0,127
2017-11,Hawaii,1167,1171
2017-11,Idaho,3426,15772
2017-11,Illinois,19861,150588
2017-11,Indiana,28638,75879
2017-11,Iowa,9062,17182
2017-11,Kansas,1757,20460
2017-11,Kentucky,373308,404508
2017-11,Louisiana,1748,35485
2017-11,Maine,554,8578
2017-11,Mariana Islands,0,21
2017-11,Maryland,2684,16266
2017-11,Massachusetts,7323,17548
2017-11,Michigan,20375,54350
2017-11,Minnesota,29511,48087
2017-11,Mississippi,1794,28188
2017-11,Missouri,692,56129
2017-11,Montana,1040,11107
2017-11,Nebraska,4265,8303
2017-11,Nevada,2145,12064
2017-11,New Hampshire,2387,11627
2017-11,New Jersey,0,9433
2017-11,New Mexico,1134,16110
2017-11,New York,2351,37306
2017-11,North Carolina,23962,51839
2017-11,North Dakota,558,6334
2017-11,Ohio,10890,76732
2017-11,Oklahoma,0,38406
2017-11,Oregon,4794,34103
2017-11,Pennsylvania,27003,104479
2017-11,Puerto Rico,0,2307
2017-11,Rhode Island,0,2173
2017-11,South Carolina,8922,34132
2017-11,South Dakota,687,9908
2017-11,Tennessee,17602,74800
2017-11,Texas,33293,163358
2017-11,Utah,11644,24359
2017-11,Vermont,0,3240
2017-11,Virgin Islands,55,86
2017-11,Virginia,995,53142
2017-11,Washington,12865,53072
2017-11,West Virginia,1927,24455
2017-11,Wisconsin,14647,48683
2017-11,Wyoming,280,5665
2017-10,Alabama,20017,36619
2017-10,Alaska,198,8080
2017-10,Arizona,6097,29277
2017-10,Arkansas,3865,20327
2017-10,California,49259,119395
2017-10,Colorado,4075,40163
2017-10,Connecticut,5093,13201
2017-10,Delaware,208,3692
2017-10,District of Columbia,145,217
2017-10,Florida,18090,103032
2017-10,Georgia,16145,43293
2017-10,Guam,0,135
2017-10,Hawaii,1231,1235
2017-10,Idaho,4710,15130
2017-10,Illinois,17529,122798
2017-10,Indiana,23109,55336
2017-10,Iowa,8034,14012
2017-10,Kansas,2341,15018
2017-10,Kentucky,379403,401155
2017-10,Louisiana,1817,27436
2017-10,Maine,628,10328
2017-10,Mariana Islands,0,9
2017-10,Maryland,2779,13651
2017-10,Massachusetts,8116,16842
2017-10,Michigan,20487,44262
2017-10,Minnesota,34015,55012
2017-10,Mississippi,1551,19080
2017-10,Missouri,748,43987
2017-10,Montana,1119,11673
2017-10,Nebraska,3768,6543
2017-10,Nevada,1789,10198
2017-10,New Hampshire,2019,10371
2017-10,New Jersey,0,7852
2017-10,New Mexico,1025,13543
2017-10,New York,2877,32615
2017-10,North Carolina,22591,43211
2017-10,North Dakota,632,6209
2017-10,Ohio,10458,56960
2017-10,Oklahoma,0,25822
2017-10,Oregon,4205,27786
2017-10,Pennsylvania,26555,87064
2017-10,Puerto Rico,0,1306
2017-10,Rhode Island,0,2103
2017-10,South Carolina,9780,28996
2017-10,South Dakota,720,9244
2017-10,Tennessee,16465,55531
2017-10,Texas,30780,129869
2017-10,Utah,11002,19619
2017-10,Vermont,0,3463
2017-10,Virgin Islands,49,68
2017-10,Virginia,1006,40293
2017-10,Washington,12602,48147
2017-10,West Virginia,2046,18256
2017-10,Wisconsin,14488,43183
2017-10,Wyoming,288,4370
2017-09,Alabama,16717,32019
2017-09,Alaska,209,6303
2017-09,Arizona,5069,28394
2017-09,Arkansas,2935,17747
2017-09,California,57839,123506
2017-09,Colorado,4356,35873
2017-09,Connecticut,4343,12117
2017-09,Delaware,275,3502
2017-09,District of Columbia,1,61
2017-09,Florida,10784,77390
2017-09,Georgia,12074,35371
2017-09,Guam,0,135
2017-09,Hawaii,946,948
2017-09,Idaho,5162,14938
2017-09,Illinois,15712,116449
2017-09,Indiana,18241,48524
2017-09,Iowa,5847,9975
2017-09,Kansas,1567,12856
2017-09,Kentucky,378384,398706
2017-09,Louisiana,1827,27821
2017-09,Maine,783,8715
2017-09,Mariana Islands,0,16
2017-09,Maryland,2424,11255
2017-09,Massachusetts,7160,15460
2017-09,Michigan,16571,36944
2017-09,Minnesota,25645,44552
2017-09,Mississippi,1362,17491
2017-09,Missouri,791,37571
2017-09,Montana,1076,10283
2017-09,Nebraska,3036,5345
2017-09,Nevada,1952,9460
2017-09,New Hampshire,2795,10689
2017-09,New Jersey,0,7165
2017-09,New Mexico,847,12491
2017-09,New York,2933,30703
2017-09,North Carolina,19292,37325
2017-09,North Dakota,486,5212
2017-09,Ohio,8741,49942
2017-09,Oklahoma,0,23371
2017-09,Oregon,3774,27277
2017-09,Pennsylvania,23144,77003
2017-09,Puerto Rico,0,791
2017-09,Rhode Island,0,1799
2017-09,South Carolina,9380,25930
2017-09,South Dakota,562,7457
2017-09,Tennessee,16887,50945
2017-09,Texas,31390,128260
2017-09,Utah,12094,20041
2017-09,Vermont,0,3084
2017-09,Virgin Islands,1,9
2017-09,Virginia,585,36446
2017-09,Washington,11451,43049
2017-09,West Virginia,1668,16723
2017-09,Wisconsin,12224,37506
2017-09,Wyoming,280,4281
2017-08,Alabama,19733,35038
2017-08,Alaska,247,6946
2017-08,Arizona,6733,29376
2017-08,Arkansas,3313,17517
2017-08,California,59528,130901
2017-08,Colorado,5219,37150
2017-08,Connecticut,5896,14019
2017-08,Delaware,288,3509
2017-08,District of Columbia,19,80
2017-08,Florida,18362,96664
2017-08,Georgia,15046,38830
2017-08,Guam,0,159
2017-08,Hawaii,1077,1079
2017-08,Idaho,4736,13341
2017-08,Illinois,17053,126921
2017-08,Indiana,15664,47649
2017-08,Iowa,6094,9416
2017-08,Kansas,1642,13097
2017-08,Kentucky,376016,394718
2017-08,Louisiana,2450,24694
2017-08,Maine,1109,7751
2017-08,Mariana Islands,0,27
2017-08,Maryland,2629,11561
2017-08,Massachusetts,8288,16258
2017-08,Michigan,18347,39255
2017-08,Minnesota,28449,46613
2017-08,Mississippi,1703,21963
2017-08,Missouri,897,37449
2017-08,Montana,1230,9618
2017-08,Nebraska,3180,5209
2017-08,Nevada,1788,9035
2017-08,New Hampshire,2065,9313
2017-08,New Jersey,0,7443
2017-08,New Mexico,1183,11690
2017-08,New York,2952,28779
2017-08,North Carolina,23051,41122
2017-08,North Dakota,444,4874
2017-08,Ohio,10264,51103
2017-08,Oklahoma,0,24061
2017-08,Oregon,3993,24904
2017-08,Pennsylvania,24329,79020
2017-08,Puerto Rico,0,1490
2017-08,Rhode Island,0,1718
2017-08,South Carolina,12255,31663
2017-08,South Dakota,737,6686
2017-08,Tennessee,14548,49945
2017-08,Texas,22971,110946
2017-08,Utah,15013,22010
2017-08,Vermont,0,2676
2017-08,Virgin Islands,81,132
2017-08,Virginia,2220,39114
2017-08,Washington,12068,42120
2017-08,West Virginia,2028,14770
2017-08,Wisconsin,12647,40924
2017-08,Wyoming,408,4111
2017-07,Alabama,18042,31474
2017-07,Alaska,222,6487
2017-07,Arizona,5606,25714
2017-07,Arkansas,2564,14015
2017-07,California,52610,114595
2017-07,Colorado,4392,33811
2017-07,Connecticut,6387,14525
2017-07,Delaware,305,2981
2017-07,District of Columbia,19,68
2017-07,Florida,16978,92822
2017-07,Georgia,14623,35085
2017-07,Guam,0,145
2017-07,Hawaii,1107,1109
2017-07,Idaho,4539,11871
2017-07,Illinois,13652,108000
2017-07,Indiana,19386,47145
2017-07,Iowa,5099,8801
2017-07,Kansas,3667,13775
2017-07,Kentucky,374603,390494
2017-07,Louisiana,1930,20454
2017-07,Maine,390,5837
2017-07,Mariana Islands,0,13
2017-07,Maryland,2025,10088
2017-07,Massachusetts,6185,12900
2017-07,Michigan,15464,33378
2017-07,Minnesota,27018,41186
2017-07,Mississippi,1506,14388
2017-07,Missouri,716,32415
2017-07,Montana,1043,7890
2017-07,Nebraska,2656,4266
2017-07,Nevada,1805,8310
2017-07,New Hampshire,1451,8333
2017-07,New Jersey,0,7034
2017-07,New Mexico,1009,10580
2017-07,New York,2315,25576
2017-07,North Carolina,20102,34784
2017-07,North Dakota,496,4136
2017-07,Ohio,9440,49432
2017-07,Oklahoma,0,20738
2017-07,Oregon,3998,23239
2017-07,Pennsylvania,23669,73654
2017-07,Puerto Rico,0,1381
2017-07,Rhode Island,0,1646
2017-07,South Carolina,11585,26567
2017-07,South Dakota,1138,6068
2017-07,Tennessee,19766,52643
2017-07,Texas,19006,98338
2017-07,Utah,11902,17925
2017-07,Vermont,0,2275
2017-07,Virgin Islands,103,151
2017-07,Virginia,1139,36183
2017-07,Washington,10910,38369
2017-07,West Virginia,1798,13970
2017-07,Wisconsin,10275,32846
2017-07,Wyoming,279,3398
2017-06,Alabama,19508,35687
2017-06,Alaska,242,6353
2017-06,Arizona,6505,28359
2017-06,Arkansas,3033,16614
2017-06,California,60142,130187
2017-06,Colorado,4920,36459
2017-06,Connecticut,8290,16504
2017-06,Delaware,533,3634
2017-06,District of Columbia,17,74
2017-06,Florida,18831,100508
2017-06,Georgia,15591,39874
2017-06,Guam,0,156
2017-06,Hawaii,1082,1083
2017-06,Idaho,11559,20241
2017-06,Illinois,14883,113889
2017-06,Indiana,19163,49689
2017-06,Iowa,5638,8352
2017-06,Kansas,2400,13485
2017-06,Kentucky,373842,392002
2017-06,Louisiana,2011,23497
2017-06,Maine,567,6474
2017-06,Mariana Islands,0,12
2017-06,Maryland,2477,10945
2017-06,Massachusetts,7347,15841
2017-06,Michigan,17225,37088
2017-06,Minnesota,29559,44775
2017-06,Mississippi,1783,17154
2017-06,Missouri,730,36752
2017-06,Montana,1518,9901
2017-06,Nebraska,2799,4265
2017-06,Nevada,2895,10602
2017-06,New Hampshire,1659,9184
2017-06,New Jersey,0,7790
2017-06,New Mexico,1140,11398
2017-06,New York,2602,27677
2017-06,North Carolina,23048,39169
2017-06,North Dakota,1159,4939
2017-06,Ohio,11147,53164
2017-06,Oklahoma,0,24632
2017-06,Oregon,4087,27103
2017-06,Pennsylvania,22674,76201
2017-06,Puerto Rico,0,1631
2017-06,Rhode Island,0,1899
2017-06,South Carolina,13761,32995
2017-06,South Dakota,1266,6704
2017-06,Tennessee,16722,52959
2017-06,Texas,23877,118091
2017-06,Utah,14721,22138
2017-06,Vermont,0,2382
2017-06,Virgin Islands,126,153
2017-06,Virginia,728,36838
2017-06,Washington,12964,46023
2017-06,West Virginia,1889,14498
2017-06,Wisconsin,11645,36267
2017-06,Wyoming,350,3975
2017-05,Alabama,18538,33331
2017-05,Alaska,247,6442
2017-05,Arizona,6628,28734
2017-05,Arkansas,4137,16749
2017-05,California,58722,129307
2017-05,Colorado,5408,36008
2017-05,Connecticut,8101,16149
2017-05,Delaware,863,4012
2017-05,District of Columbia,10,82
2017-05,Florida,19014,96556
2017-05,Georgia,14860,36905
2017-05,Guam,0,157
2017-05,Hawaii,1114,1117
2017-05,Idaho,4933,13065
2017-05,Illinois,14857,121746
2017-05,Indiana,24235,54347
2017-05,Iowa,6872,10232
2017-05,Kansas,1933,12337
2017-05,Kentucky,374078,391740
2017-05,Louisiana,1574,21311
2017-05,Maine,751,7200
2017-05,Mariana Islands,0,12
2017-05,Maryland,2378,11660
2017-05,Massachusetts,8372,16651
2017-05,Michigan,20040,38548
2017-05,Minnesota,38515,55570
2017-05,Mississippi,1743,15680
2017-05,Missouri,685,34965
2017-05,Montana,1460,9418
2017-05,Nebraska,3517,5025
2017-05,Nevada,2017,9803
2017-05,New Hampshire,1503,8868
2017-05,New Jersey,0,8694
2017-05,New Mexico,1183,11291
2017-05,New York,3224,31294
2017-05,North Carolina,24726,39413
2017-05,North Dakota,1017,4654
2017-05,Ohio,13712,56229
2017-05,Oklahoma,0,22693
2017-05,Oregon,3978,26466
2017-05,Pennsylvania,24962,79725
2017-05,Puerto Rico,0,1600
2017-05,Rhode Island,0,1883
2017-05,South Carolina,14550,31248
2017-05,South Dakota,1331,7004
2017-05,Tennessee,23584,57763
2017-05,Texas,24168,109732
2017-05,Utah,16351,23844
2017-05,Vermont,0,2577
2017-05,Virgin Islands,55,79
2017-05,Virginia,1148,36007
2017-05,Washington,14176,45816
2017-05,West Virginia,2141,15085
2017-05,Wisconsin,13117,37888
2017-05,Wyoming,435,4128
2017-04,Alabama,17958,32652
2017-04,Alaska,289,6983
2017-04,Arizona,7385,32052
2017-04,Arkansas,3158,16452
2017-04,California,58147,132190
2017-04,Colorado,5576,39989
2017-04,Connecticut,7557,16406
2017-04,Delaware,689,4296
2017-04,District of Columbia,35,104
2017-04,Florida,22072,103641
2017-04,Georgia,14464,37829
2017-04,Guam,0,147
2017-04,Hawaii,885,888
2017-04,Idaho,6062,15234
2017-04,Illinois,15405,135507
2017-04,Indiana,27978,63298
2017-04,Iowa,9542,13017
2017-04,Kansas,3189,15139
2017-04,Kentucky,372852,392685
2017-04,Louisiana,2387,22065
2017-04,Maine,557,8115
2017-04,Mariana Islands,0,13
2017-04,Maryland,3126,13182
2017-04,Massachusetts,7867,17866
2017-04,Michigan,19168,41939
2017-04,Minnesota,44204,71484
2017-04,Mississippi,1758,16803
2017-04,Missouri,815,40019
2017-04,Montana,1494,10293
2017-04,Nebraska,3869,5745
2017-04,Nevada,2016,10588
2017-04,New Hampshire,1706,10792
2017-04,New Jersey,0,9119
2017-04,New Mexico,1350,12748
2017-04,New York,2879,33113
2017-04,North Carolina,24568,39992
2017-04,North Dakota,1434,6504
2017-04,Ohio,14485,66800
2017-04,Oklahoma,0,27478
2017-04,Oregon,1830,27936
2017-04,Pennsylvania,24949,85908
2017-04,Puerto Rico,0,1387
2017-04,Rhode Island,0,2133
2017-04,South Carolina,12113,30218
2017-04,South Dakota,1191,7857
2017-04,Tennessee,22073,57852
2017-04,Texas,21593,109961
2017-04,Utah,14872,23177
2017-04,Vermont,0,3818
2017-04,Virgin Islands,81,111
2017-04,Virginia,1074,48631
2017-04,Washington,13564,47895
2017-04,West Virginia,2267,16988
2017-04,Wisconsin,14511,45872
2017-04,Wyoming,382,4269
2017-03,Alabama,27666,48769
2017-03,Alaska,362,6971
2017-03,Arizona,9556,38170
2017-03,Arkansas,4775,23290
2017-03,California,65892,146592
2017-03,Colorado,7030,45645
2017-03,Connecticut,8575,18787
2017-03,Delaware,835,5527
2017-03,District of Columbia,24,111
2017-03,Florida,26986,122716
2017-03,Georgia,23394,57235
2017-03,Guam,0,136
2017-03,Hawaii,1086,1090
2017-03,Idaho,5620,16675
2017-03,Illinois,911,163728
2017-03,Indiana,33324,79624
2017-03,Iowa,16295,20026
2017-03,Kansas,2492,17891
2017-03,Kentucky,370113,397959
2017-03,Louisiana,2963,29310
2017-03,Maine,949,9632
2017-03,Mariana Islands,0,11
2017-03,Maryland,4056,15769
2017-03,Massachusetts,9541,21059
2017-03,Michigan,25819,54452
2017-03,Minnesota,48301,77749
2017-03,Mississippi,2558,24421
2017-03,Missouri,1253,52928
2017-03,Montana,2182,12396
2017-03,Nebraska,5011,7337
2017-03,Nevada,3754,14158
2017-03,New Hampshire,2480,13529
2017-03,New Jersey,0,10993
2017-03,New Mexico,1467,14963
2017-03,New York,3138,35608
2017-03,North Carolina,34178,55574
2017-03,North Dakota,1614,6461
2017-03,Ohio,17130,81153
2017-03,Oklahoma,0,30518
2017-03,Oregon,1638,32423
2017-03,Pennsylvania,32238,110334
2017-03,Puerto Rico,0,1560
2017-03,Rhode Island,0,2553
2017-03,South Carolina,19015,43113
2017-03,South Dakota,1773,9770
2017-03,Tennessee,27766,74655
2017-03,Texas,33412,144270
2017-03,Utah,17259,26941
2017-03,Vermont,0,4051
2017-03,Virgin Islands,64,96
2017-03,Virginia,529,49368
2017-03,Washington,16813,58069
2017-03,West Virginia,2951,22529
2017-03,Wisconsin,20393,58739
2017-03,Wyoming,534,5315
2017-02,Alabama,23900,46251
2017-02,Alaska,137,5917
2017-02,Arizona,7938,37388
2017-02,Arkansas,3220,22548
2017-02,California,56533,129885
2017-02,Colorado,6447,43577
2017-02,Connecticut,6436,15209
2017-02,Delaware,692,5066
2017-02,District of Columbia,25,93
2017-02,Florida,23617,117892
2017-02,Georgia,18666,53177
2017-02,Guam,0,132
2017-02,Hawaii,1035,1037
2017-02,Idaho,5342,14936
2017-02,Illinois,11166,139697
2017-02,Indiana,92422,136193
2017-02,Iowa,12039,15025
2017-02,Kansas,3179,19211
2017-02,Kentucky,283492,313748
2017-02,Louisiana,3184,27684
2017-02,Maine,696,7731
2017-02,Mariana Islands,0,0
2017-02,Maryland,3812,14852
2017-02,Massachusetts,8255,18130
2017-02,Michigan,21600,48382
2017-02,Minnesota,38315,62051
2017-02,Mississippi,1966,24043
2017-02,Missouri,1001,50850
2017-02,Montana,1911,10386
2017-02,Nebraska,4867,7122
2017-02,Nevada,2158,11765
2017-02,New Hampshire,2855,12282
2017-02,New Jersey,0,9601
2017-02,New Mexico,1230,15364
2017-02,New York,2794,31910
2017-02,North Carolina,29573,51627
2017-02,North Dakota,1764,6193
2017-02,Ohio,12784,74257
2017-02,Oklahoma,0,30840
2017-02,Oregon,972,29183
2017-02,Pennsylvania,27792,95585
2017-02,Puerto Rico,0,1259
2017-02,Rhode Island,0,2354
2017-02,South Carolina,17148,41969
2017-02,South Dakota,1662,9754
2017-02,Tennessee,19252,69264
2017-02,Texas,23960,137470
2017-02,Utah,14815,24889
2017-02,Vermont,0,3594
2017-02,Virgin Islands,72,106
2017-02,Virginia,838,47038
2017-02,Washington,13432,52154
2017-02,West Virginia,2274,22449
2017-02,Wisconsin,18733,50720
2017-02,Wyoming,330,4554
2017-01,Alabama,25093,41542
2017-01,Alaska,185,4500
2017-01,Arizona,8117,31366
2017-01,Arkansas,2512,16762
2017-01,California,62397,130365
2017-01,Colorado,5619,37047
2017-01,Connecticut,6706,15073
2017-01,Delaware,736,4299
2017-01,District of Columbia,6,81
2017-01,Florida,21675,104576
2017-01,Georgia,20369,44615
2017-01,Guam,0,205
2017-01,Hawaii,864,866
2017-01,Idaho,4469,11146
2017-01,Illinois,23670,138008
2017-01,Indiana,45206,80412
2017-01,Iowa,12527,15707
2017-01,Kansas,2643,15049
2017-01,Kentucky,325954,345924
2017-01,Louisiana,5210,27709
2017-01,Maine,692,6865
2017-01,Mariana Islands,0,2
2017-01,Maryland,3214,13368
2017-01,Massachusetts,10394,19996
2017-01,Michigan,20253,39067
2017-01,Minnesota,66895,85322
2017-01,Mississippi,1914,17113
2017-01,Missouri,975,39098
2017-01,Montana,1859,7994
2017-01,Nebraska,4237,6205
2017-01,Nevada,2518,10013
2017-01,New Hampshire,3583,12067
2017-01,New Jersey,0,9274
2017-01,New Mexico,980,10966
2017-01,New York,3479,31567
2017-01,North Carolina,29898,46548
2017-01,North Dakota,1315,4933
2017-01,Ohio,11790,58574
2017-01,Oklahoma,0,24547
2017-01,Oregon,1097,22210
2017-01,Pennsylvania,30105,85948
2017-01,Puerto Rico,0,1332
2017-01,Rhode Island,0,2147
2017-01,South Carolina,13868,31829
2017-01,South Dakota,1695,7614
2017-01,Tennessee,45857,83613
2017-01,Texas,28501,117903
2017-01,Utah,11312,18314
2017-01,Vermont,0,2691
2017-01,Virgin Islands,61,88
2017-01,Virginia,846,37369
2017-01,Washington,14089,46027
2017-01,West Virginia,2063,15772
2017-01,Wisconsin,24323,46775
2017-01,Wyoming,449,3705
2016-12,Alabama,26996,62014
2016-12,Alaska,254,8786
2016-12,Arizona,8900,44887
2016-12,Arkansas,3294,29926
2016-12,California,61808,298161
2016-12,Colorado,5333,55428
2016-12,Connecticut,6527,17825
2016-12,Delaware,320,6356
2016-12,District of Columbia,4,71
2016-12,Florida,24096,144983
2016-12,Georgia,16891,68269
2016-12,Guam,0,172
2016-12,Hawaii,1139,1141
2016-12,Idaho,3292,17034
2016-12,Illinois,17509,137994
2016-12,Indiana,40729,95672
2016-12,Iowa,12486,18090
2016-12,Kansas,1368,22282
2016-12,Kentucky,358510,397059
2016-12,Louisiana,6268,51493
2016-12,Maine,442,10528
2016-12,Mariana Islands,0,0
2016-12,Maryland,3687,17984
2016-12,Massachusetts,8192,19842
2016-12,Michigan,17469,47834
2016-12,Minnesota,32841,60056
2016-12,Mississippi,1771,36091
2016-12,Missouri,1167,63289
2016-12,Montana,1408,12610
2016-12,Nebraska,4704,8790
2016-12,Nevada,2216,14889
2016-12,New Hampshire,3160,14305
2016-12,New Jersey,0,10577
2016-12,New Mexico,1079,17518
2016-12,New York,2469,40292
2016-12,North Carolina,29463,65145
2016-12,North Dakota,1189,6261
2016-12,Ohio,11781,88178
2016-12,Oklahoma,0,43082
2016-12,Oregon,777,35754
2016-12,Pennsylvania,28180,111913
2016-12,Puerto Rico,0,1664
2016-12,Rhode Island,0,2542
2016-12,South Carolina,9634,43044
2016-12,South Dakota,1238,10739
2016-12,Tennessee,5124,74884
2016-12,Texas,24494,181572
2016-12,Utah,12544,29485
2016-12,Vermont,0,3977
2016-12,Virgin Islands,47,67
2016-12,Virginia,1145,62649
2016-12,Washington,14178,59181
2016-12,West Virginia,1465,27242
2016-12,Wisconsin,24129,56928
2016-12,Wyoming,437,6560
2016-11,Alabama,22628,50477
2016-11,Alaska,254,8514
2016-11,Arizona,8398,39722
2016-11,Arkansas,2755,26901
2016-11,California,53278,224039
2016-11,Colorado,7129,54418
2016-11,Connecticut,6766,17223
2016-11,Delaware,261,5791
2016-11,District of Columbia,1,56
2016-11,Florida,25377,134638
2016-11,Georgia,19019,58723
2016-11,Guam,0,176
2016-11,Hawaii,1347,1347
2016-11,Idaho,1660,13965
2016-11,Illinois,26250,161604
2016-11,Indiana,40805,92535
2016-11,Iowa,12788,18540
2016-11,Kansas,2459,22646
2016-11,Kentucky,297507,330444
2016-11,Louisiana,2928,39979
2016-11,Maine,533,10506
2016-11,Mariana Islands,0,4
2016-11,Maryland,2214,17647
2016-11,Massachusetts,9009,21581
2016-11,Michigan,20528,56137
2016-11,Minnesota,32676,62666
2016-11,Mississippi,2052,29113
2016-11,Missouri,1504,57501
2016-11,Montana,1621,12074
2016-11,Nebraska,5008,9086
2016-11,Nevada,2595,14476
2016-11,New Hampshire,3814,15256
2016-11,New Jersey,0,11317
2016-11,New Mexico,1019,15116
2016-11,New York,3702,43009
2016-11,North Carolina,29034,59658
2016-11,North Dakota,720,6494
2016-11,Ohio,12670,88928
2016-11,Oklahoma,0,40123
2016-11,Oregon,831,33555
2016-11,Pennsylvania,30800,118378
2016-11,Puerto Rico,0,1590
2016-11,Rhode Island,0,2658
2016-11,South Carolina,12216,39711
2016-11,South Dakota,1501,11622
2016-11,Tennessee,17474,74722
2016-11,Texas,23199,157519
2016-11,Utah,13500,26928
2016-11,Vermont,0,3503
2016-11,Virgin Islands,54,76
2016-11,Virginia,695,58362
2016-11,Washington,13926,56963
2016-11,West Virginia,1786,25378
2016-11,Wisconsin,26474,65277
2016-11,Wyoming,393,5814
2016-10,Alabama,22979,43251
2016-10,Alaska,336,9383
2016-10,Arizona,8072,34134
2016-10,Arkansas,4005,22709
2016-10,California,60578,180968
2016-10,Colorado,4751,45337
2016-10,Connecticut,6827,16048
2016-10,Delaware,1317,5757
2016-10,District of Columbia,0,61
2016-10,Florida,23891,111657
2016-10,Georgia,17189,48308
2016-10,Guam,0,220
2016-10,Hawaii,1268,1277
2016-10,Idaho,2895,14160
2016-10,Illinois,20563,169348
2016-10,Indiana,30950,72085
2016-10,Iowa,10955,14908
2016-10,Kansas,2283,17656
2016-10,Kentucky,354387,378973
2016-10,Louisiana,3103,32820
2016-10,Maine,567,12954
2016-10,Mariana Islands,0,1
2016-10,Maryland,2866,14405
2016-10,Massachusetts,8761,19500
2016-10,Michigan,18470,49099
2016-10,Minnesota,38403,70854
2016-10,Mississippi,2004,21433
2016-10,Missouri,1921,50651
2016-10,Montana,1523,13411
2016-10,Nebraska,4705,7834
2016-10,Nevada,1726,12026
2016-10,New Hampshire,4062,15045
2016-10,New Jersey,0,10175
2016-10,New Mexico,883,13089
2016-10,New York,3941,37907
2016-10,North Carolina,26407,49372
2016-10,North Dakota,676,7283
2016-10,Ohio,12693,71864
2016-10,Oklahoma,0,28578
2016-10,Oregon,787,28948
2016-10,Pennsylvania,29248,103095
2016-10,Puerto Rico,0,1429
2016-10,Rhode Island,0,2448
2016-10,South Carolina,11817,31780
2016-10,South Dakota,1629,12670
2016-10,Tennessee,12980,56652
2016-10,Texas,34700,144467
2016-10,Utah,13883,23339
2016-10,Vermont,0,3769
2016-10,Virgin Islands,37,66
2016-10,Virginia,816,46862
2016-10,Washington,15570,57746
2016-10,West Virginia,1937,20035
2016-10,Wisconsin,28980,63442
2016-10,Wyoming,534,5228
2016-09,Alabama,22014,41336
2016-09,Alaska,306,6867
2016-09,Arizona,8641,33390
2016-09,Arkansas,3300,18826
2016-09,California,62196,159077
2016-09,Colorado,5593,40013
2016-09,Connecticut,6953,14955
2016-09,Delaware,291,4160
2016-09,District of Columbia,0,52
2016-09,Florida,24431,102843
2016-09,Georgia,14745,41621
2016-09,Guam,0,189
2016-09,Hawaii,1237,1247
2016-09,Idaho,2726,12611
2016-09,Illinois,17365,127535
2016-09,Indiana,30423,63820
2016-09,Iowa,9095,12094
2016-09,Kansas,1748,14051
2016-09,Kentucky,276744,298753
2016-09,Louisiana,2914,33656
2016-09,Maine,660,10550
2016-09,Mariana Islands,0,1
2016-09,Maryland,2659,12161
2016-09,Massachusetts,8095,17481
2016-09,Michigan,15152,41363
2016-09,Minnesota,30783,58507
2016-09,Mississippi,2554,19705
2016-09,Missouri,2907,41437
2016-09,Montana,1355,11479
2016-09,Nebraska,3682,6099
2016-09,Nevada,2386,10434
2016-09,New Hampshire,4131,13329
2016-09,New Jersey,0,9309
2016-09,New Mexico,927,11867
2016-09,New York,4362,33599
2016-09,North Carolina,25994,46452
2016-09,North Dakota,819,5883
2016-09,Ohio,11166,58828
2016-09,Oklahoma,0,25309
2016-09,Oregon,114,26487
2016-09,Pennsylvania,26936,86424
2016-09,Puerto Rico,0,1383
2016-09,Rhode Island,0,2052
2016-09,South Carolina,10337,28988
2016-09,South Dakota,1335,9284
2016-09,Tennessee,11512,48546
2016-09,Texas,29142,126694
2016-09,Utah,11262,19914
2016-09,Vermont,0,3130
2016-09,Virgin Islands,42,75
2016-09,Virginia,804,38779
2016-09,Washington,12021,48147
2016-09,West Virginia,1686,18079
2016-09,Wisconsin,30268,59639
2016-09,Wyoming,699,5086
2016-08,Alabama,22987,42455
2016-08,Alaska,183,7194
2016-08,Arizona,8752,33422
2016-08,Arkansas,5990,21692
2016-08,California,75535,176770
2016-08,Colorado,6238,40996
2016-08,Connecticut,13217,27353
2016-08,Delaware,705,4169
2016-08,District of Columbia,2,62
2016-08,Florida,31652,114446
2016-08,Georgia,18136,44370
2016-08,Guam,0,170
2016-08,Hawaii,1298,1305
2016-08,Idaho,2919,11635
2016-08,Illinois,17735,185912
2016-08,Indiana,44252,79202
2016-08,Iowa,9861,12518
2016-08,Kansas,1581,13770
2016-08,Kentucky,9579,29746
2016-08,Louisiana,3231,30716
2016-08,Maine,615,8204
2016-08,Mariana Islands,0,3
2016-08,Maryland,2761,12510
2016-08,Massachusetts,8977,18138
2016-08,Michigan,16743,41493
2016-08,Minnesota,28620,51700
2016-08,Mississippi,2524,26351
2016-08,Missouri,5318,44182
2016-08,Montana,1483,10672
2016-08,Nebraska,4257,6405
2016-08,Nevada,2256,10520
2016-08,New Hampshire,3629,12039
2016-08,New Jersey,0,9728
2016-08,New Mexico,1141,12341
2016-08,New York,4135,30808
2016-08,North Carolina,28076,46518
2016-08,North Dakota,1216,5461
2016-08,Ohio,13656,62418
2016-08,Oklahoma,0,25927
2016-08,Oregon,71,22911
2016-08,Pennsylvania,27897,86652
2016-08,Puerto Rico,0,1370
2016-08,Rhode Island,0,2090
2016-08,South Carolina,13000,31389
2016-08,South Dakota,1259,7873
2016-08,Tennessee,18828,60971
2016-08,Texas,25803,124608
2016-08,Utah,13405,21178
2016-08,Vermont,0,2724
2016-08,Virgin Islands,55,90
2016-08,Virginia,776,38667
2016-08,Washington,14063,46645
2016-08,West Virginia,1948,17315
2016-08,Wisconsin,25551,53689
2016-08,Wyoming,906,5295
2016-07,Alabama,27765,48927
2016-07,Alaska,215,6793
2016-07,Arizona,7863,34496
2016-07,Arkansas,4116,19378
2016-07,California,77962,190218
2016-07,Colorado,6372,43094
2016-07,Connecticut,14156,29755
2016-07,Delaware,755,4494
2016-07,District of Columbia,0,60
2016-07,Florida,28106,125208
2016-07,Georgia,20555,49183
2016-07,Guam,0,173
2016-07,Hawaii,1563,1565
2016-07,Idaho,3606,12154
2016-07,Illinois,125075,168227
2016-07,Indiana,53844,88340
2016-07,Iowa,9391,11937
2016-07,Kansas,1320,14140
2016-07,Kentucky,342858,363085
2016-07,Louisiana,2595,41063
2016-07,Maine,540,7702
2016-07,Mariana Islands,0,1
2016-07,Maryland,2383,12228
2016-07,Massachusetts,7091,20480
2016-07,Michigan,15869,40142
2016-07,Minnesota,22422,43368
2016-07,Mississippi,1913,21907
2016-07,Missouri,6903,46637
2016-07,Montana,1356,9869
2016-07,Nebraska,3629,5429
2016-07,Nevada,2497,11785
2016-07,New Hampshire,3882,13068
2016-07,New Jersey,0,10074
2016-07,New Mexico,1103,12219
2016-07,New York,3738,29513
2016-07,North Carolina,25408,44123
2016-07,North Dakota,1305,5470
2016-07,Ohio,11762,63148
2016-07,Oklahoma,0,25946
2016-07,Oregon,21,24813
2016-07,Pennsylvania,26819,86137
2016-07,Puerto Rico,0,1331
2016-07,Rhode Island,0,2368
2016-07,South Carolina,14025,32730
2016-07,South Dakota,1179,7406
2016-07,Tennessee,1915,57653
2016-07,Texas,24634,127207
2016-07,Utah,9754,17608
2016-07,Vermont,0,2674
2016-07,Virgin Islands,81,105
2016-07,Virginia,1102,43574
2016-07,Washington,14111,47887
2016-07,West Virginia,1992,16791
2016-07,Wisconsin,14505,38922
2016-07,Wyoming,597,4585
2016-06,Alabama,24802,44976
2016-06,Alaska,290,7406
2016-06,Arizona,6371,32540
2016-06,Arkansas,5233,18779
2016-06,California,81628,173846
2016-06,Colorado,5283,41134
2016-06,Connecticut,17183,33475
2016-06,Delaware,1188,4987
2016-06,District of Columbia,23,72
2016-06,Florida,28462,125567
2016-06,Georgia,16995,42626
2016-06,Guam,0,164
2016-06,Hawaii,1743,1754
2016-06,Idaho,4079,12947
2016-06,Illinois,128545,164500
2016-06,Indiana,61071,94326
2016-06,Iowa,9899,12209
2016-06,Kansas,890,12364
2016-06,Kentucky,340735,360293
2016-06,Louisiana,2088,26278
2016-06,Maine,763,7858
2016-06,Mariana Islands,0,1
2016-06,Maryland,2132,11647
2016-06,Massachusetts,7045,17743
2016-06,Michigan,15883,39580
2016-06,Minnesota,27062,47916
2016-06,Mississippi,1996,17507
2016-06,Missouri,7958,45384
2016-06,Montana,1614,10610
2016-06,Nebraska,3890,5777
2016-06,Nevada,2645,11771
2016-06,New Hampshire,3728,12661
2016-06,New Jersey,0,10806
2016-06,New Mexico,1202,12560
2016-06,New York,4257,28472
2016-06,North Carolina,26567,44535
2016-06,North Dakota,2462,6568
2016-06,Ohio,13236,60366
2016-06,Oklahoma,0,26167
2016-06,Oregon,48,25502
2016-06,Pennsylvania,23639,80806
2016-06,Puerto Rico,0,1298
2016-06,Rhode Island,0,2302
2016-06,South Carolina,12286,30209
2016-06,South Dakota,1155,7519
2016-06,Tennessee,2123,56218
2016-06,Texas,23267,120263
2016-06,Utah,19677,28189
2016-06,Vermont,0,2688
2016-06,Virgin Islands,74,106
2016-06,Virginia,985,37593
2016-06,Washington,13202,50487
2016-06,West Virginia,1822,16423
2016-06,Wisconsin,5459,30747
2016-06,Wyoming,509,4812
2016-05,Alabama,20092,36157
2016-05,Alaska,253,5991
2016-05,Arizona,6941,28671
2016-05,Arkansas,5452,16422
2016-05,California,91841,166035
2016-05,Colorado,6924,36512
2016-05,Connecticut,15718,29247
2016-05,Delaware,1255,4355
2016-05,District of Columbia,57,110
2016-05,Florida,27235,94732
2016-05,Georgia,13787,33740
2016-05,Guam,0,194
2016-05,Hawaii,1314,1316
2016-05,Idaho,1139,8658
2016-05,Illinois,91026,119574
2016-05,Indiana,91807,119897
2016-05,Iowa,10729,12578
2016-05,Kansas,1006,10559
2016-05,Kentucky,305018,321666
2016-05,Louisiana,2376,20462
2016-05,Maine,568,6572
2016-05,Mariana Islands,0,1
2016-05,Maryland,2567,11176
2016-05,Massachusetts,7114,15449
2016-05,Michigan,18750,37823
2016-05,Minnesota,24146,42135
2016-05,Mississippi,1981,15159
2016-05,Missouri,9606,40752
2016-05,Montana,1490,9551
2016-05,Nebraska,3394,4956
2016-05,Nevada,2624,10105
2016-05,New Hampshire,3719,10869
2016-05,New Jersey,0,9770
2016-05,New Mexico,1666,10847
2016-05,New York,4053,26336
2016-05,North Carolina,25228,38727
2016-05,North Dakota,1319,4620
2016-05,Ohio,14797,58406
2016-05,Oklahoma,0,21379
2016-05,Oregon,28,21266
2016-05,Pennsylvania,20806,70244
2016-05,Puerto Rico,0,1202
2016-05,Rhode Island,0,1648
2016-05,South Carolina,11329,24923
2016-05,South Dakota,922,6403
2016-05,Tennessee,2564,44044
2016-05,Texas,25496,104134
2016-05,Utah,16748,24045
2016-05,Vermont,0,2247
2016-05,Virgin Islands,84,112
2016-05,Virginia,943,30787
2016-05,Washington,12459,41282
2016-05,West Virginia,1939,14918
2016-05,Wisconsin,6549,27431
2016-05,Wyoming,868,4504
2016-04,Alabama,20959,41239
2016-04,Alaska,298,6867
2016-04,Arizona,7230,32005
2016-04,Arkansas,5825,19048
2016-04,California,93023,171256
2016-04,Colorado,8900,41636
2016-04,Connecticut,16609,32657
2016-04,Delaware,848,4316
2016-04,District of Columbia,11,69
2016-04,Florida,27570,104114
2016-04,Georgia,16847,41265
2016-04,Guam,0,160
2016-04,Hawaii,1452,1453
2016-04,Idaho,2400,10638
2016-04,Illinois,117410,154306
2016-04,Indiana,91355,126579
2016-04,Iowa,12650,15435
2016-04,Kansas,1392,13227
2016-04,Kentucky,285372,306214
2016-04,Louisiana,2192,23719
2016-04,Maine,656,8567
2016-04,Mariana Islands,0,0
2016-04,Maryland,3361,13007
2016-04,Massachusetts,7414,17505
2016-04,Michigan,24885,48163
2016-04,Minnesota,30337,57100
2016-04,Mississippi,1416,17182
2016-04,Missouri,12050,49098
2016-04,Montana,1771,10728
2016-04,Nebraska,4353,6280
2016-04,Nevada,2958,11803
2016-04,New Hampshire,3602,12630
2016-04,New Jersey,0,10465
2016-04,New Mexico,1619,12421
2016-04,New York,4181,31789
2016-04,North Carolina,27505,43592
2016-04,North Dakota,765,6039
2016-04,Ohio,16083,71881
2016-04,Oklahoma,0,26489
2016-04,Oregon,24,23132
2016-04,Pennsylvania,24297,88140
2016-04,Puerto Rico,0,1185
2016-04,Rhode Island,0,2125
2016-04,South Carolina,14347,30929
2016-04,South Dakota,1114,8275
2016-04,Tennessee,4151,57837
2016-04,Texas,38061,126292
2016-04,Utah,22419,30706
2016-04,Vermont,0,3220
2016-04,Virgin Islands,59,85
2016-04,Virginia,415,36219
2016-04,Washington,34121,65565
2016-04,West Virginia,2323,17825
2016-04,Wisconsin,8256,38403
2016-04,Wyoming,785,5029
2016-03,Alabama,27829,55486
2016-03,Alaska,256,6982
2016-03,Arizona,8078,35795
2016-03,Arkansas,7649,24390
2016-03,California,117206,201041
2016-03,Colorado,11129,46430
2016-03,Connecticut,16727,35332
2016-03,Delaware,690,4986
2016-03,District of Columbia,5,85
2016-03,Florida,34627,119207
2016-03,Georgia,24301,55396
2016-03,Guam,0,188
2016-03,Hawaii,1468,1469
2016-03,Idaho,4411,13824
2016-03,Illinois,132757,175762
2016-03,Indiana,107510,151821
2016-03,Iowa,20031,23526
2016-03,Kansas,1857,16593
2016-03,Kentucky,294755,321318
2016-03,Louisiana,1937,26552
2016-03,Maine,704,9429
2016-03,Mariana Islands,0,1
2016-03,Maryland,3898,14546
2016-03,Massachusetts,9327,20450
2016-03,Michigan,30175,59827
2016-03,Minnesota,29378,56311
2016-03,Mississippi,1740,21727
2016-03,Missouri,17076,64449
2016-03,Montana,2372,11967
2016-03,Nebraska,6108,8315
2016-03,Nevada,3373,13550
2016-03,New Hampshire,4769,14498
2016-03,New Jersey,0,11138
2016-03,New Mexico,1165,13999
2016-03,New York,5302,34781
2016-03,North Carolina,34897,53581
2016-03,North Dakota,1208,6281
2016-03,Ohio,19568,85267
2016-03,Oklahoma,0,29112
2016-03,Oregon,69,27093
2016-03,Pennsylvania,31577,105145
2016-03,Puerto Rico,0,1188
2016-03,Rhode Island,0,2516
2016-03,South Carolina,17408,38503
2016-03,South Dakota,1448,9178
2016-03,Tennessee,2578,51955
2016-03,Texas,48497,152465
2016-03,Utah,21789,30548
2016-03,Vermont,0,3861
2016-03,Virgin Islands,67,90
2016-03,Virginia,828,42741
2016-03,Washington,89199,126000
2016-03,West Virginia,3003,22143
2016-03,Wisconsin,10344,44925
2016-03,Wyoming,700,5302
2016-02,Alabama,24746,77411
2016-02,Alaska,284,6779
2016-02,Arizona,4627,35307
2016-02,Arkansas,4167,27506
2016-02,California,134211,214844
2016-02,Colorado,9004,47302
2016-02,Connecticut,14261,32110
2016-02,Delaware,415,5173
2016-02,District of Columbia,14,95
2016-02,Florida,33181,132010
2016-02,Georgia,24137,66777
2016-02,Guam,0,141
2016-02,Hawaii,1419,1424
2016-02,Idaho,4934,15520
2016-02,Illinois,125089,169908
2016-02,Indiana,170646,221556
2016-02,Iowa,20356,23728
2016-02,Kansas,1711,19817
2016-02,Kentucky,229733,266913
2016-02,Louisiana,2686,32939
2016-02,Maine,438,9868
2016-02,Mariana Islands,0,1
2016-02,Maryland,4039,14735
2016-02,Massachusetts,7944,17835
2016-02,Michigan,29353,61421
2016-02,Minnesota,25678,50144
2016-02,Mississippi,1171,28656
2016-02,Missouri,13121,67682
2016-02,Montana,2279,12644
2016-02,Nebraska,6096,8576
2016-02,Nevada,3288,14342
2016-02,New Hampshire,4044,14577
2016-02,New Jersey,0,9811
2016-02,New Mexico,1576,16662
2016-02,New York,4971,34195
2016-02,North Carolina,33753,58096
2016-02,North Dakota,761,5799
2016-02,Ohio,16201,90222
2016-02,Oklahoma,0,37589
2016-02,Oregon,88,28869
2016-02,Pennsylvania,29651,104116
2016-02,Puerto Rico,0,1088
2016-02,Rhode Island,0,2392
2016-02,South Carolina,12817,39376
2016-02,South Dakota,1627,10732
2016-02,Tennessee,12348,68503
2016-02,Texas,56900,192417
2016-02,Utah,12927,22999
2016-02,Vermont,0,4173
2016-02,Virgin Islands,86,115
2016-02,Virginia,784,47955
2016-02,Washington,15736,56043
2016-02,West Virginia,3527,27216
2016-02,Wisconsin,9420,42855
2016-02,Wyoming,551,5703
2016-01,Alabama,27242,73218
2016-01,Alaska,192,6085
2016-01,Arizona,3898,31910
2016-01,Arkansas,3670,20437
2016-01,California,127715,220912
2016-01,Colorado,8431,48214
2016-01,Connecticut,14005,31712
2016-01,Delaware,395,4886
2016-01,District of Columbia,27,82
2016-01,Florida,28458,125935
2016-01,Georgia,30513,62707
2016-01,Guam,0,176
2016-01,Hawaii,1379,1383
2016-01,Idaho,4025,13197
2016-01,Illinois,143606,189400
2016-01,Indiana,183520,230892
2016-01,Iowa,23600,26714
2016-01,Kansas,1787,19443
2016-01,Kentucky,277415,302383
2016-01,Louisiana,2823,32192
2016-01,Maine,500,8844
2016-01,Mariana Islands,0,3
2016-01,Maryland,3458,13321
2016-01,Massachusetts,8547,20208
2016-01,Michigan,27885,56723
2016-01,Minnesota,27969,50842
2016-01,Mississippi,1442,21330
2016-01,Missouri,11441,61257
2016-01,Montana,2240,10722
2016-01,Nebraska,8560,11116
2016-01,Nevada,2386,12291
2016-01,New Hampshire,5807,16887
2016-01,New Jersey,0,8683
2016-01,New Mexico,769,12577
2016-01,New York,4535,34071
2016-01,North Carolina,33032,51646
2016-01,North Dakota,800,5877
2016-01,Ohio,13836,76218
2016-01,Oklahoma,0,34889
2016-01,Oregon,45,26378
2016-01,Pennsylvania,33905,102170
2016-01,Puerto Rico,0,1133
2016-01,Rhode Island,0,2617
2016-01,South Carolina,10212,31396
2016-01,South Dakota,1872,10220
2016-01,Tennessee,14485,62789
2016-01,Texas,36269,164088
2016-01,Utah,10485,19968
2016-01,Vermont,0,3451
2016-01,Virgin Islands,73,100
2016-01,Virginia,524,44181
2016-01,Washington,19688,58050
2016-01,West Virginia,3378,18985
2016-01,Wisconsin,9496,39561
2016-01,Wyoming,959,5676
2015-12,Alabama,31359,120914
2015-12,Alaska,245,11055
2015-12,Arizona,2940,47759
2015-12,Arkansas,4076,36886
2015-12,California,119166,252946
2015-12,Colorado,3265,64547
2015-12,Connecticut,12190,36673
2015-12,Delaware,297,7670
2015-12,District of Columbia,16,95
2015-12,Florida,25044,168935
2015-12,Georgia,30391,96508
2015-12,Guam,0,218
2015-12,Hawaii,1642,1644
2015-12,Idaho,2338,18544
2015-12,Illinois,122900,182255
2015-12,Indiana,139460,214035
2015-12,Iowa,19621,25941
2015-12,Kansas,1349,28091
2015-12,Kentucky,258154,308824
2015-12,Louisiana,2023,59760
2015-12,Maine,360,14076
2015-12,Mariana Islands,0,1
2015-12,Maryland,2459,17832
2015-12,Massachusetts,7297,22723
2015-12,Michigan,30983,76882
2015-12,Minnesota,30209,64181
2015-12,Mississippi,1381,44727
2015-12,Missouri,9228,89366
2015-12,Montana,1865,16667
2015-12,Nebraska,9569,14768
2015-12,Nevada,2790,18649
2015-12,New Hampshire,5546,20626
2015-12,New Jersey,0,11018
2015-12,New Mexico,621,19335
2015-12,New York,3366,48515
2015-12,North Carolina,36332,76441
2015-12,North Dakota,580,8304
2015-12,Ohio,13879,119897
2015-12,Oklahoma,0,56119
2015-12,Oregon,50,41065
2015-12,Pennsylvania,44433,153826
2015-12,Puerto Rico,0,1335
2015-12,Rhode Island,0,3363
2015-12,South Carolina,7466,48614
2015-12,South Dakota,1569,14660
2015-12,Tennessee,10092,100586
2015-12,Texas,33163,241791
2015-12,Utah,12413,31645
2015-12,Vermont,0,4731
2015-12,Virgin Islands,79,115
2015-12,Virginia,228,72526
2015-12,Washington,18190,73158
2015-12,West Virginia,3377,36037
2015-12,Wisconsin,8126,52450
2015-12,Wyoming,512,8870
2015-11,Alabama,18870,71137
2015-11,Alaska,209,7095
2015-11,Arizona,2303,27087
2015-11,Arkansas,3298,25048
2015-11,California,98452,180116
2015-11,Colorado,4144,42271
2015-11,Connecticut,9631,26438
2015-11,Delaware,204,5040
2015-11,District of Columbia,8,64
2015-11,Florida,15907,103532
2015-11,Georgia,14111,50795
2015-11,Guam,0,171
2015-11,Hawaii,1248,1252
2015-11,Idaho,1944,11925
2015-11,Illinois,87190,129861
2015-11,Indiana,81935,130333
2015-11,Iowa,8785,13794
2015-11,Kansas,894,18433
2015-11,Kentucky,264140,295891
2015-11,Louisiana,1945,37752
2015-11,Maine,299,9297
2015-11,Mariana Islands,0,0
2015-11,Maryland,1512,13463
2015-11,Massachusetts,5214,15885
2015-11,Michigan,16786,50278
2015-11,Minnesota,18939,44023
2015-11,Mississippi,618,27504
2015-11,Missouri,5884,55031
2015-11,Montana,852,10415
2015-11,Nebraska,4258,8299
2015-11,Nevada,1543,10632
2015-11,New Hampshire,3630,12850
2015-11,New Jersey,0,8313
2015-11,New Mexico,829,12721
2015-11,New York,2906,36421
2015-11,North Carolina,22469,49217
2015-11,North Dakota,453,6288
2015-11,Ohio,9338,81616
2015-11,Oklahoma,0,35457
2015-11,Oregon,35,25453
2015-11,Pennsylvania,24136,103836
2015-11,Puerto Rico,0,1242
2015-11,Rhode Island,0,2101
2015-11,South Carolina,7284,32064
2015-11,South Dakota,819,9727
2015-11,Tennessee,9509,63670
2015-11,Texas,21550,146982
2015-11,Utah,10429,21772
2015-11,Vermont,0,3136
2015-11,Virgin Islands,93,109
2015-11,Virginia,622,48010
2015-11,Washington,10314,43989
2015-11,West Virginia,2217,25063
2015-11,Wisconsin,5867,38541
2015-11,Wyoming,383,5017
2015-10,Alabama,21958,61156
2015-10,Alaska,212,9941
2015-10,Arizona,4502,26501
2015-10,Arkansas,4813,23409
2015-10,California,94134,163211
2015-10,Colorado,3732,37785
2015-10,Connecticut,10222,23918
2015-10,Delaware,218,4052
2015-10,District of Columbia,4,76
2015-10,Florida,17963,94518
2015-10,Georgia,14406,45420
2015-10,Guam,0,213
2015-10,Hawaii,1378,1380
2015-10,Idaho,1982,11986
2015-10,Illinois,63534,95886
2015-10,Indiana,65285,100220
2015-10,Iowa,7078,10725
2015-10,Kansas,1175,14469
2015-10,Kentucky,250325,276162
2015-10,Louisiana,3099,33300
2015-10,Maine,376,11245
2015-10,Mariana Islands,0,1
2015-10,Maryland,1914,11832
2015-10,Massachusetts,4960,13947
2015-10,Michigan,16387,43822
2015-10,Minnesota,21361,50060
2015-10,Mississippi,789,20862
2015-10,Missouri,6768,49890
2015-10,Montana,1077,12988
2015-10,Nebraska,3916,6880
2015-10,Nevada,1667,9456
2015-10,New Hampshire,3199,11664
2015-10,New Jersey,0,7315
2015-10,New Mexico,726,12381
2015-10,New York,3803,33282
2015-10,North Carolina,23356,46020
2015-10,North Dakota,577,7547
2015-10,Ohio,9017,62456
2015-10,Oklahoma,0,28582
2015-10,Oregon,47,25405
2015-10,Pennsylvania,20840,82552
2015-10,Puerto Rico,0,1288
2015-10,Rhode Island,0,1944
2015-10,South Carolina,7517,26030
2015-10,South Dakota,766,10920
2015-10,Tennessee,8033,51134
2015-10,Texas,23495,126327
2015-10,Utah,11112,19046
2015-10,Vermont,0,3259
2015-10,Virgin Islands,79,100
2015-10,Virginia,369,38959
2015-10,Washington,11387,45061
2015-10,West Virginia,2354,21388
2015-10,Wisconsin,5158,36111
2015-10,Wyoming,700,5166
2015-09,Alabama,20999,56228
2015-09,Alaska,184,6195
2015-09,Arizona,4161,25464
2015-09,Arkansas,6286,21834
2015-09,California,64698,125441
2015-09,Colorado,4151,34229
2015-09,Connecticut,9713,21775
2015-09,Delaware,267,3360
2015-09,District of Columbia,0,41
2015-09,Florida,16270,85246
2015-09,Georgia,14837,41685
2015-09,Guam,0,181
2015-09,Hawaii,1267,1270
2015-09,Idaho,1851,11078
2015-09,Illinois,63566,94476
2015-09,Indiana,53051,83928
2015-09,Iowa,7036,9865
2015-09,Kansas,1104,12731
2015-09,Kentucky,241368,262693
2015-09,Louisiana,2620,39053
2015-09,Maine,471,8648
2015-09,Mariana Islands,0,1
2015-09,Maryland,1140,8912
2015-09,Massachusetts,4632,12092
2015-09,Michigan,27076,48331
2015-09,Minnesota,19575,43688
2015-09,Mississippi,953,23398
2015-09,Missouri,6212,40511
2015-09,Montana,967,11302
2015-09,Nebraska,3157,5433
2015-09,Nevada,2204,9821
2015-09,New Hampshire,2963,10094
2015-09,New Jersey,0,6056
2015-09,New Mexico,881,11570
2015-09,New York,3639,28204
2015-09,North Carolina,23350,42348
2015-09,North Dakota,492,5619
2015-09,Ohio,8942,53928
2015-09,Oklahoma,0,25154
2015-09,Oregon,94,21650
2015-09,Pennsylvania,18607,70156
2015-09,Puerto Rico,0,1300
2015-09,Rhode Island,0,1566
2015-09,South Carolina,6630,24395
2015-09,South Dakota,708,7949
2015-09,Tennessee,15240,52313
2015-09,Texas,20733,122503
2015-09,Utah,14323,22343
2015-09,Vermont,0,2681
2015-09,Virgin Islands,107,134
2015-09,Virginia,553,34030
2015-09,Washington,10517,40441
2015-09,West Virginia,2109,17801
2015-09,Wisconsin,4610,30630
2015-09,Wyoming,484,4968
2015-08,Alabama,25643,62770
2015-08,Alaska,236,6976
2015-08,Arizona,4687,25003
2015-08,Arkansas,6794,21087
2015-08,California,59988,125122
2015-08,Colorado,5851,36156
2015-08,Connecticut,9522,21514
2015-08,Delaware,338,3459
2015-08,District of Columbia,0,67
2015-08,Florida,17140,87429
2015-08,Georgia,14217,40519
2015-08,Guam,0,147
2015-08,Hawaii,1173,1175
2015-08,Idaho,1708,9792
2015-08,Illinois,64498,94314
2015-08,Indiana,35816,66212
2015-08,Iowa,6064,8592
2015-08,Kansas,1222,13366
2015-08,Kentucky,266788,286463
2015-08,Louisiana,1974,30880
2015-08,Maine,491,7283
2015-08,Mariana Islands,0,1
2015-08,Maryland,1202,8606
2015-08,Massachusetts,4469,12792
2015-08,Michigan,14223,33600
2015-08,Minnesota,18855,39036
2015-08,Mississippi,826,18376
2015-08,Missouri,6121,40259
2015-08,Montana,897,10130
2015-08,Nebraska,3215,5418
2015-08,Nevada,1550,8818
2015-08,New Hampshire,3035,10185
2015-08,New Jersey,0,6537
2015-08,New Mexico,736,11179
2015-08,New York,3074,23978
2015-08,North Carolina,21906,39565
2015-08,North Dakota,551,5148
2015-08,Ohio,8706,51999
2015-08,Oklahoma,0,26376
2015-08,Oregon,15,19393
2015-08,Pennsylvania,19070,69162
2015-08,Puerto Rico,0,1357
2015-08,Rhode Island,0,1477
2015-08,South Carolina,7084,25047
2015-08,South Dakota,684,7369
2015-08,Tennessee,9774,49128
2015-08,Texas,24521,122233
2015-08,Utah,12489,19717
2015-08,Vermont,0,2466
2015-08,Virgin Islands,79,100
2015-08,Virginia,364,32147
2015-08,Washington,9054,36031
2015-08,West Virginia,2266,16720
2015-08,Wisconsin,4398,28396
2015-08,Wyoming,638,4839
2015-07,Alabama,22960,56762
2015-07,Alaska,171,6029
2015-07,Arizona,4262,23779
2015-07,Arkansas,5128,17694
2015-07,California,67429,140365
2015-07,Colorado,2727,31280
2015-07,Connecticut,10365,22195
2015-07,Delaware,470,3275
2015-07,District of Columbia,0,64
2015-07,Florida,15769,83877
2015-07,Georgia,15820,39608
2015-07,Guam,0,186
2015-07,Hawaii,1155,1157
2015-07,Idaho,1822,8675
2015-07,Illinois,66883,95297
2015-07,Indiana,26099,52154
2015-07,Iowa,6577,8356
2015-07,Kansas,1271,12248
2015-07,Kentucky,201788,220018
2015-07,Louisiana,1361,23822
2015-07,Maine,609,6549
2015-07,Mariana Islands,0,1
2015-07,Maryland,1620,8595
2015-07,Massachusetts,4814,11898
2015-07,Michigan,15819,32153
2015-07,Minnesota,16325,31732
2015-07,Mississippi,1036,16575
2015-07,Missouri,6079,37539
2015-07,Montana,911,8713
2015-07,Nebraska,3055,4596
2015-07,Nevada,1723,8829
2015-07,New Hampshire,3059,9404
2015-07,New Jersey,0,6588
2015-07,New Mexico,783,10404
2015-07,New York,2843,21821
2015-07,North Carolina,22174,37651
2015-07,North Dakota,804,4593
2015-07,Ohio,8956,49952
2015-07,Oklahoma,0,23594
2015-07,Oregon,18,18003
2015-07,Pennsylvania,19538,65250
2015-07,Puerto Rico,0,1342
2015-07,Rhode Island,0,1461
2015-07,South Carolina,8984,25017
2015-07,South Dakota,757,5914
2015-07,Tennessee,21886,57873
2015-07,Texas,21479,106013
2015-07,Utah,10691,17259
2015-07,Vermont,0,2219
2015-07,Virgin Islands,126,159
2015-07,Virginia,624,32419
2015-07,Washington,8993,34177
2015-07,West Virginia,2262,15607
2015-07,Wisconsin,4367,24350
2015-07,Wyoming,542,4371
2015-06,Alabama,16801,45952
2015-06,Alaska,291,5830
2015-06,Arizona,4728,22999
2015-06,Arkansas,3873,15372
2015-06,California,51944,112704
2015-06,Colorado,4241,31777
2015-06,Connecticut,11856,24605
2015-06,Delaware,436,3332
2015-06,District of Columbia,0,49
2015-06,Florida,15397,79101
2015-06,Georgia,13230,34674
2015-06,Guam,0,184
2015-06,Hawaii,1209,1213
2015-06,Idaho,2849,9373
2015-06,Illinois,53952,80431
2015-06,Indiana,37734,62755
2015-06,Iowa,5452,7359
2015-06,Kansas,1415,10463
2015-06,Kentucky,225599,242027
2015-06,Louisiana,1253,21042
2015-06,Maine,626,6151
2015-06,Mariana Islands,0,2
2015-06,Maryland,1821,8826
2015-06,Massachusetts,4456,11383
2015-06,Michigan,14561,30723
2015-06,Minnesota,18144,33553
2015-06,Mississippi,729,13111
2015-06,Missouri,6929,37010
2015-06,Montana,904,8529
2015-06,Nebraska,2903,4369
2015-06,Nevada,2305,9186
2015-06,New Hampshire,3609,9881
2015-06,New Jersey,0,7007
2015-06,New Mexico,640,9969
2015-06,New York,3222,22717
2015-06,North Carolina,19637,33889
2015-06,North Dakota,808,4481
2015-06,Ohio,9361,49297
2015-06,Oklahoma,0,21793
2015-06,Oregon,31,17765
2015-06,Pennsylvania,17846,64122
2015-06,Puerto Rico,0,1499
2015-06,Rhode Island,0,1512
2015-06,South Carolina,6565,20763
2015-06,South Dakota,595,5645
2015-06,Tennessee,12888,42558
2015-06,Texas,21211,106461
2015-06,Utah,14428,20684
2015-06,Vermont,0,2135
2015-06,Virgin Islands,75,104
2015-06,Virginia,504,27904
2015-06,Washington,7915,32783
2015-06,West Virginia,2003,14695
2015-06,Wisconsin,4287,22715
2015-06,Wyoming,764,4388
2015-05,Alabama,15495,45128
2015-05,Alaska,203,6168
2015-05,Arizona,4719,24503
2015-05,Arkansas,4750,16258
2015-05,California,53467,119574
2015-05,Colorado,4338,33062
2015-05,Connecticut,11817,24571
2015-05,Delaware,748,3683
2015-05,District of Columbia,0,53
2015-05,Florida,13949,77601
2015-05,Georgia,11956,32956
2015-05,Guam,0,148
2015-05,Hawaii,1142,1145
2015-05,Idaho,2533,9975
2015-05,Illinois,47092,76538
2015-05,Indiana,38129,64608
2015-05,Iowa,5573,7597
2015-05,Kansas,1829,12249
2015-05,Kentucky,255314,271614
2015-05,Louisiana,1805,20941
2015-05,Maine,548,5860
2015-05,Mariana Islands,0,1
2015-05,Maryland,1155,8105
2015-05,Massachusetts,4692,11907
2015-05,Michigan,16080,32961
2015-05,Minnesota,20670,37779
2015-05,Mississippi,669,13803
2015-05,Missouri,6510,37565
2015-05,Montana,892,9364
2015-05,Nebraska,2841,4500
2015-05,Nevada,2363,9959
2015-05,New Hampshire,4144,10564
2015-05,New Jersey,0,6704
2015-05,New Mexico,732,11021
2015-05,New York,2788,21977
2015-05,North Carolina,18448,32357
2015-05,North Dakota,500,4683
2015-05,Ohio,10082,49428
2015-05,Oklahoma,0,23210
2015-05,Oregon,33,19292
2015-05,Pennsylvania,16899,62676
2015-05,Puerto Rico,0,1477
2015-05,Rhode Island,0,1543
2015-05,South Carolina,6173,20254
2015-05,South Dakota,626,6436
2015-05,Tennessee,10582,40597
2015-05,Texas,21646,111012
2015-05,Utah,11653,18544
2015-05,Vermont,0,2172
2015-05,Virgin Islands,101,118
2015-05,Virginia,846,28447
2015-05,Washington,8106,33943
2015-05,West Virginia,2272,15288
2015-05,Wisconsin,4783,24362
2015-05,Wyoming,493,4612
2015-04,Alabama,17623,46971
2015-04,Alaska,242,7030
2015-04,Arizona,4046,24762
2015-04,Arkansas,4927,17135
2015-04,California,48166,114686
2015-04,Colorado,5034,34688
2015-04,Connecticut,13294,26677
2015-04,Delaware,546,3665
2015-04,District of Columbia,0,51
2015-04,Florida,16049,81456
2015-04,Georgia,13765,35901
2015-04,Guam,0,146
2015-04,Hawaii,1327,1329
2015-04,Idaho,3119,10686
2015-04,Illinois,88841,118541
2015-04,Indiana,38811,67791
2015-04,Iowa,8656,11113
2015-04,Kansas,2574,14044
2015-04,Kentucky,234945,253890
2015-04,Louisiana,1599,21000
2015-04,Maine,0,6608
2015-04,Mariana Islands,0,2
2015-04,Maryland,1773,10464
2015-04,Massachusetts,5865,14211
2015-04,Michigan,17298,36840
2015-04,Minnesota,22700,44682
2015-04,Mississippi,876,14292
2015-04,Missouri,7944,42187
2015-04,Montana,1148,9473
2015-04,Nebraska,3521,5325
2015-04,Nevada,2604,9830
2015-04,New Hampshire,3373,10849
2015-04,New Jersey,0,7594
2015-04,New Mexico,916,11299
2015-04,New York,3186,26818
2015-04,North Carolina,22434,37520
2015-04,North Dakota,677,5225
2015-04,Ohio,12671,59965
2015-04,Oklahoma,0,26152
2015-04,Oregon,20,20563
2015-04,Pennsylvania,21161,74820
2015-04,Puerto Rico,0,1168
2015-04,Rhode Island,0,1710
2015-04,South Carolina,8009,22801
2015-04,South Dakota,720,6951
2015-04,Tennessee,13585,44972
2015-04,Texas,21605,106032
2015-04,Utah,13427,20361
2015-04,Vermont,0,3081
2015-04,Virgin Islands,90,115
2015-04,Virginia,658,31657
2015-04,Washington,9867,38008
2015-04,West Virginia,3212,18739
2015-04,Wisconsin,6576,31164
2015-04,Wyoming,559,4697
2015-03,Alabama,21726,57152
2015-03,Alaska,255,7223
2015-03,Arizona,4107,28402
2015-03,Arkansas,4650,20397
2015-03,California,126134,199833
2015-03,Colorado,3710,37740
2015-03,Connecticut,13911,30302
2015-03,Delaware,500,4610
2015-03,District of Columbia,0,68
2015-03,Florida,17066,93683
2015-03,Georgia,18105,48200
2015-03,Guam,0,161
2015-03,Hawaii,1344,1344
2015-03,Idaho,3323,12234
2015-03,Illinois,68243,96770
2015-03,Indiana,44831,83305
2015-03,Iowa,11320,14948
2015-03,Kansas,2514,16337
2015-03,Kentucky,258825,281518
2015-03,Louisiana,1589,26788
2015-03,Maine,0,7438
2015-03,Mariana Islands,0,2
2015-03,Maryland,1800,10656
2015-03,Massachusetts,5379,16296
2015-03,Michigan,17994,43233
2015-03,Minnesota,27319,51987
2015-03,Mississippi,1167,18635
2015-03,Missouri,9321,52566
2015-03,Montana,1266,10863
2015-03,Nebraska,4531,6796
2015-03,Nevada,2226,11192
2015-03,New Hampshire,3529,11780
2015-03,New Jersey,0,8529
2015-03,New Mexico,834,13587
2015-03,New York,4253,29889
2015-03,North Carolina,27047,45196
2015-03,North Dakota,751,6517
2015-03,Ohio,4378,62389
2015-03,Oklahoma,0,29926
2015-03,Oregon,97,23895
2015-03,Pennsylvania,24290,92329
2015-03,Puerto Rico,0,1377
2015-03,Rhode Island,0,1953
2015-03,South Carolina,7695,26546
2015-03,South Dakota,1115,8923
2015-03,Tennessee,1967,40064
2015-03,Texas,23183,129368
2015-03,Utah,15127,23422
2015-03,Vermont,0,3115
2015-03,Virgin Islands,84,96
2015-03,Virginia,389,39427
2015-03,Washington,11525,43542
2015-03,West Virginia,6320,25804
2015-03,Wisconsin,7023,37433
2015-03,Wyoming,659,5459
2015-02,Alabama,16692,62220
2015-02,Alaska,238,6731
2015-02,Arizona,3728,30563
2015-02,Arkansas,3025,24042
2015-02,California,42920,113789
2015-02,Colorado,4142,37520
2015-02,Connecticut,10345,24291
2015-02,Delaware,104,4137
2015-02,District of Columbia,0,53
2015-02,Florida,16779,103809
2015-02,Georgia,16436,57432
2015-02,Guam,0,147
2015-02,Hawaii,1193,1193
2015-02,Idaho,2841,12820
2015-02,Illinois,48310,86317
2015-02,Indiana,43228,84043
2015-02,Iowa,13054,16457
2015-02,Kansas,2233,18262
2015-02,Kentucky,167767,198493
2015-02,Louisiana,6327,33759
2015-02,Maine,0,6166
2015-02,Mariana Islands,0,5
2015-02,Maryland,1103,9092
2015-02,Massachusetts,3811,11039
2015-02,Michigan,14368,38502
2015-02,Minnesota,19155,40699
2015-02,Mississippi,771,23970
2015-02,Missouri,7327,55680
2015-02,Montana,1109,11027
2015-02,Nebraska,4269,6715
2015-02,Nevada,2021,11626
2015-02,New Hampshire,2190,9085
2015-02,New Jersey,0,7229
2015-02,New Mexico,748,13832
2015-02,New York,2886,25920
2015-02,North Carolina,24718,48473
2015-02,North Dakota,433,5512
2015-02,Ohio,2,59899
2015-02,Oklahoma,0,34307
2015-02,Oregon,51,24213
2015-02,Pennsylvania,20284,81379
2015-02,Puerto Rico,0,1282
2015-02,Rhode Island,0,1777
2015-02,South Carolina,6678,31543
2015-02,South Dakota,569,9065
2015-02,Tennessee,8703,53761
2015-02,Texas,17042,140229
2015-02,Utah,11420,20627
2015-02,Vermont,0,3220
2015-02,Virgin Islands,102,113
2015-02,Virginia,492,40786
2015-02,Washington,10199,43129
2015-02,West Virginia,1692,24248
2015-02,Wisconsin,5432,32541
2015-02,Wyoming,546,5539
2015-01,Alabama,16077,51119
2015-01,Alaska,196,5348
2015-01,Arizona,3690,24620
2015-01,Arkansas,3896,18184
2015-01,California,47134,113292
2015-01,Colorado,3404,33007
2015-01,Connecticut,10699,24791
2015-01,Delaware,392,4133
2015-01,District of Columbia,0,61
2015-01,Florida,13798,87895
2015-01,Georgia,15535,43248
2015-01,Guam,0,164
2015-01,Hawaii,1188,1188
2015-01,Idaho,2719,9858
2015-01,Illinois,63009,96712
2015-01,Indiana,34934,67533
2015-01,Iowa,9736,12562
2015-01,Kansas,2300,15166
2015-01,Kentucky,298959,320778
2015-01,Louisiana,43,24516
2015-01,Maine,0,5423
2015-01,Mariana Islands,0,1
2015-01,Maryland,1623,9311
2015-01,Massachusetts,4937,13112
2015-01,Michigan,15459,33596
2015-01,Minnesota,20089,37824
2015-01,Mississippi,837,17119
2015-01,Missouri,7340,47271
2015-01,Montana,943,8234
2015-01,Nebraska,3915,6241
2015-01,Nevada,2061,9482
2015-01,New Hampshire,2940,9834
2015-01,New Jersey,0,7144
2015-01,New Mexico,471,10614
2015-01,New York,3923,26506
2015-01,North Carolina,23597,43199
2015-01,North Dakota,689,5512
2015-01,Ohio,0,47676
2015-01,Oklahoma,0,28606
2015-01,Oregon,62,19429
2015-01,Pennsylvania,20519,73321
2015-01,Puerto Rico,0,1225
2015-01,Rhode Island,0,1722
2015-01,South Carolina,6266,23923
2015-01,South Dakota,0,6709
2015-01,Tennessee,19362,57536
2015-01,Texas,18530,115315
2015-01,Utah,12100,19394
2015-01,Vermont,0,2373
2015-01,Virgin Islands,67,79
2015-01,Virginia,379,36685
2015-01,Washington,10516,38018
2015-01,West Virginia,1450,17624
2015-01,Wisconsin,4614,24587
2015-01,Wyoming,394,4413
2014-12,Alabama,16469,75874
2014-12,Alaska,212,9442
2014-12,Arizona,3892,33062
2014-12,Arkansas,3675,29453
2014-12,California,41907,164170
2014-12,Colorado,4623,47309
2014-12,Connecticut,10560,27883
2014-12,Delaware,226,5847
2014-12,District of Columbia,0,53
2014-12,Florida,12339,107882
2014-12,Georgia,12759,60222
2014-12,Guam,0,203
2014-12,Hawaii,1389,1389
2014-12,Idaho,2545,14948
2014-12,Illinois,101641,147220
2014-12,Indiana,27509,74495
2014-12,Iowa,8371,14335
2014-12,Kansas,2328,22119
2014-12,Kentucky,259142,295697
2014-12,Louisiana,26,44644
2014-12,Maine,0,8990
2014-12,Mariana Islands,0,0
2014-12,Maryland,933,12462
2014-12,Massachusetts,5009,14332
2014-12,Michigan,13920,42291
2014-12,Minnesota,19221,43152
2014-12,Mississippi,607,32564
2014-12,Missouri,6542,64574
2014-12,Montana,850,13177
2014-12,Nebraska,4142,8917
2014-12,Nevada,2029,12590
2014-12,New Hampshire,2938,12247
2014-12,New Jersey,0,8712
2014-12,New Mexico,825,15881
2014-12,New York,2978,34849
2014-12,North Carolina,22263,56571
2014-12,North Dakota,408,6795
2014-12,Ohio,0,71731
2014-12,Oklahoma,0,45311
2014-12,Oregon,67,28411
2014-12,Pennsylvania,20786,95384
2014-12,Puerto Rico,0,1417
2014-12,Rhode Island,0,1988
2014-12,South Carolina,5846,34846
2014-12,South Dakota,1,9645
2014-12,Tennessee,11115,72934
2014-12,Texas,18336,180658
2014-12,Utah,12359,26111
2014-12,Vermont,0,3152
2014-12,Virgin Islands,81,94
2014-12,Virginia,212,49939
2014-12,Washington,10625,49826
2014-12,West Virginia,1069,26935
2014-12,Wisconsin,3724,31622
2014-12,Wyoming,363,7031
2014-11,Alabama,11509,56324
2014-11,Alaska,250,7851
2014-11,Arizona,3705,26203
2014-11,Arkansas,3982,25577
2014-11,California,48671,132469
2014-11,Colorado,2807,36523
2014-11,Connecticut,9193,23451
2014-11,Delaware,97,4764
2014-11,District of Columbia,0,45
2014-11,Florida,10477,87931
2014-11,Georgia,9808,44325
2014-11,Guam,0,160
2014-11,Hawaii,1078,1078
2014-11,Idaho,2126,10932
2014-11,Illinois,66164,104606
2014-11,Indiana,96876,136175
2014-11,Iowa,5596,10906
2014-11,Kansas,1607,18147
2014-11,Kentucky,54751,84113
2014-11,Louisiana,4,33557
2014-11,Maine,0,7347
2014-11,Mariana Islands,0,2
2014-11,Maryland,886,12483
2014-11,Massachusetts,4647,13258
2014-11,Michigan,12590,39561
2014-11,Minnesota,16885,38258
2014-11,Mississippi,706,24074
2014-11,Missouri,5189,60330
2014-11,Montana,663,10052
2014-11,Nebraska,3041,7072
2014-11,Nevada,951,8950
2014-11,New Hampshire,2484,10215
2014-11,New Jersey,0,7612
2014-11,New Mexico,623,12308
2014-11,New York,3233,33260
2014-11,North Carolina,16716,45758
2014-11,North Dakota,361,6217
2014-11,Ohio,0,64249
2014-11,Oklahoma,0,37671
2014-11,Oregon,52,22003
2014-11,Pennsylvania,16515,87572
2014-11,Puerto Rico,0,1369
2014-11,Rhode Island,0,1822
2014-11,South Carolina,4590,26987
2014-11,South Dakota,2,8620
2014-11,Tennessee,8312,55288
2014-11,Texas,15978,138837
2014-11,Utah,9212,19211
2014-11,Vermont,0,2833
2014-11,Virgin Islands,80,94
2014-11,Virginia,208,43955
2014-11,Washington,9260,44282
2014-11,West Virginia,780,24050
2014-11,Wisconsin,4299,31027
2014-11,Wyoming,511,5399
2014-10,Alabama,15305,50068
2014-10,Alaska,218,9803
2014-10,Arizona,4094,25181
2014-10,Arkansas,4214,23097
2014-10,California,50300,128439
2014-10,Colorado,4362,35546
2014-10,Connecticut,10783,24547
2014-10,Delaware,128,3802
2014-10,District of Columbia,0,52
2014-10,Florida,14077,83962
2014-10,Georgia,13571,43186
2014-10,Guam,0,172
2014-10,Hawaii,1330,1330
2014-10,Idaho,2888,11973
2014-10,Illinois,70325,103053
2014-10,Indiana,47593,80707
2014-10,Iowa,6822,10795
2014-10,Kansas,2200,14601
2014-10,Kentucky,6049,31756
2014-10,Louisiana,0,29220
2014-10,Maine,0,10133
2014-10,Mariana Islands,0,2
2014-10,Maryland,1285,10073
2014-10,Massachusetts,5639,14369
2014-10,Michigan,16955,40169
2014-10,Minnesota,18322,45025
2014-10,Mississippi,760,19086
2014-10,Missouri,6337,50021
2014-10,Montana,1112,12833
2014-10,Nebraska,3741,6735
2014-10,Nevada,1211,8873
2014-10,New Hampshire,3392,11633
2014-10,New Jersey,0,7435
2014-10,New Mexico,971,12641
2014-10,New York,3703,34659
2014-10,North Carolina,20331,43204
2014-10,North Dakota,463,7836
2014-10,Ohio,0,53277
2014-10,Oklahoma,0,30881
2014-10,Oregon,25,20667
2014-10,Pennsylvania,22166,83119
2014-10,Puerto Rico,0,1402
2014-10,Rhode Island,0,1889
2014-10,South Carolina,6472,24311
2014-10,South Dakota,8,9445
2014-10,Tennessee,7403,44933
2014-10,Texas,19667,122547
2014-10,Utah,9097,16476
2014-10,Vermont,0,3101
2014-10,Virgin Islands,99,127
2014-10,Virginia,203,36419
2014-10,Washington,10635,41682
2014-10,West Virginia,1024,20922
2014-10,Wisconsin,5280,33262
2014-10,Wyoming,541,5421
2014-09,Alabama,14261,45081
2014-09,Alaska,217,6625
2014-09,Arizona,4108,23538
2014-09,Arkansas,2787,17053
2014-09,California,48291,118856
2014-09,Colorado,3266,30504
2014-09,Connecticut,10512,22160
2014-09,Delaware,94,3289
2014-09,District of Columbia,0,48
2014-09,Florida,11525,77573
2014-09,Georgia,11240,35423
2014-09,Guam,0,181
2014-09,Hawaii,1153,1153
2014-09,Idaho,2454,11211
2014-09,Illinois,88071,117143
2014-09,Indiana,6439,34547
2014-09,Iowa,5545,8494
2014-09,Kansas,1939,12558
2014-09,Kentucky,60765,80383
2014-09,Louisiana,0,31703
2014-09,Maine,0,7667
2014-09,Mariana Islands,0,2
2014-09,Maryland,1045,8480
2014-09,Massachusetts,5455,12394
2014-09,Michigan,16646,37179
2014-09,Minnesota,17953,41988
2014-09,Mississippi,818,20332
2014-09,Missouri,5133,39077
2014-09,Montana,881,10880
2014-09,Nebraska,3191,5577
2014-09,Nevada,1475,8630
2014-09,New Hampshire,2897,9668
2014-09,New Jersey,0,6470
2014-09,New Mexico,1030,10973
2014-09,New York,3488,28575
2014-09,North Carolina,17095,35405
2014-09,North Dakota,298,5914
2014-09,Ohio,0,42944
2014-09,Oklahoma,0,25886
2014-09,Oregon,66,19544
2014-09,Pennsylvania,20044,71450
2014-09,Puerto Rico,0,1316
2014-09,Rhode Island,0,1570
2014-09,South Carolina,5486,20378
2014-09,South Dakota,1,7166
2014-09,Tennessee,6139,38227
2014-09,Texas,16930,114900
2014-09,Utah,9956,17531
2014-09,Vermont,0,2743
2014-09,Virgin Islands,100,112
2014-09,Virginia,109,31726
2014-09,Washington,8868,35256
2014-09,West Virginia,824,16952
2014-09,Wisconsin,3991,27754
2014-09,Wyoming,627,5296
2014-08,Alabama,14823,45465
2014-08,Alaska,190,7816
2014-08,Arizona,6743,26519
2014-08,Arkansas,3028,15895
2014-08,California,45625,119570
2014-08,Colorado,4055,32230
2014-08,Connecticut,7758,16479
2014-08,Delaware,238,3415
2014-08,District of Columbia,0,47
2014-08,Florida,11081,75868
2014-08,Georgia,11493,35344
2014-08,Guam,0,162
2014-08,Hawaii,1130,1130
2014-08,Idaho,2709,10295
2014-08,Illinois,62282,91721
2014-08,Indiana,7583,37077
2014-08,Iowa,5476,7923
2014-08,Kansas,1418,11796
2014-08,Kentucky,213126,232853
2014-08,Louisiana,0,24409
2014-08,Maine,0,6313
2014-08,Mariana Islands,0,0
2014-08,Maryland,960,8265
2014-08,Massachusetts,5807,13949
2014-08,Michigan,13597,32189
2014-08,Minnesota,17989,37674
2014-08,Mississippi,634,15732
2014-08,Missouri,4586,40886
2014-08,Montana,835,9986
2014-08,Nebraska,2681,4763
2014-08,Nevada,1400,8780
2014-08,New Hampshire,2811,9688
2014-08,New Jersey,0,6828
2014-08,New Mexico,745,10816
2014-08,New York,5904,27139
2014-08,North Carolina,16602,35184
2014-08,North Dakota,549,5239
2014-08,Ohio,0,42044
2014-08,Oklahoma,0,25875
2014-08,Oregon,31,16665
2014-08,Pennsylvania,18353,67743
2014-08,Puerto Rico,0,1391
2014-08,Rhode Island,0,1617
2014-08,South Carolina,6875,22184
2014-08,South Dakota,0,6261
2014-08,Tennessee,7569,39800
2014-08,Texas,16910,115497
2014-08,Utah,12958,19335
2014-08,Vermont,0,2280
2014-08,Virgin Islands,119,132
2014-08,Virginia,0,30501
2014-08,Washington,7650,32674
2014-08,West Virginia,948,15799
2014-08,Wisconsin,3164,24467
2014-08,Wyoming,575,4637
2014-07,Alabama,17430,43600
2014-07,Alaska,237,6035
2014-07,Arizona,4401,21193
2014-07,Arkansas,2834,13484
2014-07,California,40766,104309
2014-07,Colorado,4049,29247
2014-07,Connecticut,6897,12620
2014-07,Delaware,181,2960
2014-07,District of Columbia,0,49
2014-07,Florida,12265,70230
2014-07,Georgia,13895,32987
2014-07,Guam,0,126
2014-07,Hawaii,1291,1291
2014-07,Idaho,2363,8251
2014-07,Illinois,60504,86596
2014-07,Indiana,7651,31816
2014-07,Iowa,5737,7575
2014-07,Kansas,1644,10381
2014-07,Kentucky,232847,248979
2014-07,Louisiana,0,17996
2014-07,Maine,0,4923
2014-07,Mariana Islands,0,2
2014-07,Maryland,1065,6878
2014-07,Massachusetts,6138,12638
2014-07,Michigan,14814,29119
2014-07,Minnesota,19088,33483
2014-07,Mississippi,573,11995
2014-07,Missouri,4364,30494
2014-07,Montana,811,7798
2014-07,Nebraska,2271,3704
2014-07,Nevada,1598,8108
2014-07,New Hampshire,2668,8374
2014-07,New Jersey,0,6792
2014-07,New Mexico,718,9168
2014-07,New York,9454,27126
2014-07,North Carolina,17153,31117
2014-07,North Dakota,774,4382
2014-07,Ohio,0,37889
2014-07,Oklahoma,0,21917
2014-07,Oregon,7,14896
2014-07,Pennsylvania,18465,59582
2014-07,Puerto Rico,0,1219
2014-07,Rhode Island,0,1374
2014-07,South Carolina,7170,19093
2014-07,South Dakota,7,4984
2014-07,Tennessee,7937,34494
2014-07,Texas,19340,94876
2014-07,Utah,14170,19385
2014-07,Vermont,0,1868
2014-07,Virgin Islands,43,63
2014-07,Virginia,0,28031
2014-07,Washington,8973,31164
2014-07,West Virginia,873,13298
2014-07,Wisconsin,3107,19541
2014-07,Wyoming,544,4205
2014-06,Alabama,15440,41709
2014-06,Alaska,228,6005
2014-06,Arizona,5140,22049
2014-06,Arkansas,3822,14177
2014-06,California,39245,102639
2014-06,Colorado,3583,26802
2014-06,Connecticut,7260,13270
2014-06,Delaware,194,2928
2014-06,District of Columbia,0,23
2014-06,Florida,13789,70597
2014-06,Georgia,10963,30386
2014-06,Guam,0,145
2014-06,Hawaii,1210,1210
2014-06,Idaho,3254,9745
2014-06,Illinois,87691,112407
2014-06,Indiana,7644,30807
2014-06,Iowa,6704,8569
2014-06,Kansas,1582,10053
2014-06,Kentucky,199326,214382
2014-06,Louisiana,0,18906
2014-06,Maine,0,4783
2014-06,Mariana Islands,0,1
2014-06,Maryland,986,7320
2014-06,Massachusetts,6951,13474
2014-06,Michigan,14346,28148
2014-06,Minnesota,20821,35400
2014-06,Mississippi,547,11455
2014-06,Missouri,3729,30079
2014-06,Montana,865,8454
2014-06,Nebraska,2226,3550
2014-06,Nevada,2101,9000
2014-06,New Hampshire,2691,8534
2014-06,New Jersey,0,6649
2014-06,New Mexico,795,9546
2014-06,New York,6899,23810
2014-06,North Carolina,18553,32577
2014-06,North Dakota,636,4224
2014-06,Ohio,0,35267
2014-06,Oklahoma,0,21797
2014-06,Oregon,39,16461
2014-06,Pennsylvania,16933,56296
2014-06,Puerto Rico,0,1188
2014-06,Rhode Island,0,1251
2014-06,South Carolina,7923,19781
2014-06,South Dakota,2,4781
2014-06,Tennessee,7435,32665
2014-06,Texas,16019,91133
2014-06,Utah,17714,23271
2014-06,Vermont,0,1736
2014-06,Virgin Islands,83,105
2014-06,Virginia,0,26351
2014-06,Washington,9081,32647
2014-06,West Virginia,785,12646
2014-06,Wisconsin,3528,19302
2014-06,Wyoming,801,4644
2014-05,Alabama,16215,43111
2014-05,Alaska,274,7166
2014-05,Arizona,6529,24566
2014-05,Arkansas,6299,17070
2014-05,California,50964,120661
2014-05,Colorado,5543,31697
2014-05,Connecticut,7632,14437
2014-05,Delaware,301,3896
2014-05,District of Columbia,0,31
2014-05,Florida,18764,78127
2014-05,Georgia,12827,33247
2014-05,Guam,0,166
2014-05,Hawaii,1155,1155
2014-05,Idaho,2327,9289
2014-05,Illinois,64832,92638
2014-05,Indiana,9559,36151
2014-05,Iowa,6278,8165
2014-05,Kansas,1675,10895
2014-05,Kentucky,214214,230610
2014-05,Louisiana,0,19085
2014-05,Maine,0,5674
2014-05,Mariana Islands,0,0
2014-05,Maryland,1199,7913
2014-05,Massachusetts,6618,14087
2014-05,Michigan,14896,31109
2014-05,Minnesota,18283,34462
2014-05,Mississippi,582,12506
2014-05,Missouri,3880,31691
2014-05,Montana,956,8930
2014-05,Nebraska,2534,4074
2014-05,Nevada,1779,8950
2014-05,New Hampshire,3393,10119
2014-05,New Jersey,0,7908
2014-05,New Mexico,691,10235
2014-05,New York,6387,25889
2014-05,North Carolina,20461,34589
2014-05,North Dakota,815,5216
2014-05,Ohio,0,40586
2014-05,Oklahoma,0,22251
2014-05,Oregon,40,17875
2014-05,Pennsylvania,18372,63261
2014-05,Puerto Rico,0,1378
2014-05,Rhode Island,0,1471
2014-05,South Carolina,8671,21331
2014-05,South Dakota,5,5167
2014-05,Tennessee,7199,33567
2014-05,Texas,17072,97814
2014-05,Utah,20462,26525
2014-05,Vermont,0,2100
2014-05,Virgin Islands,82,94
2014-05,Virginia,0,27385
2014-05,Washington,12897,37636
2014-05,West Virginia,911,14682
2014-05,Wisconsin,4159,22493
2014-05,Wyoming,931,5187
2014-04,Alabama,17498,46332
2014-04,Alaska,345,8305
2014-04,Arizona,5848,25939
2014-04,Arkansas,4526,16546
2014-04,California,58879,134448
2014-04,Colorado,6343,34615
2014-04,Connecticut,13030,20715
2014-04,Delaware,288,2822
2014-04,District of Columbia,0,36
2014-04,Florida,31586,94323
2014-04,Georgia,15172,36533
2014-04,Guam,0,209
2014-04,Hawaii,1597,1597
2014-04,Idaho,3337,10422
2014-04,Illinois,72734,105924
2014-04,Indiana,12335,42399
2014-04,Iowa,7746,10404
2014-04,Kansas,2032,13161
2014-04,Kentucky,255799,274155
2014-04,Louisiana,0,19656
2014-04,Maine,0,6890
2014-04,Mariana Islands,0,2
2014-04,Maryland,1804,10548
2014-04,Massachusetts,7412,16097
2014-04,Michigan,16595,36618
2014-04,Minnesota,23552,46067
2014-04,Mississippi,785,13044
2014-04,Missouri,5066,38283
2014-04,Montana,1312,10056
2014-04,Nebraska,3488,5240
2014-04,Nevada,1999,9819
2014-04,New Hampshire,4018,11592
2014-04,New Jersey,0,8472
2014-04,New Mexico,743,10620
2014-04,New York,19290,43433
2014-04,North Carolina,44082,59495
2014-04,North Dakota,881,6330
2014-04,Ohio,0,48767
2014-04,Oklahoma,0,26310
2014-04,Oregon,20,19475
2014-04,Pennsylvania,22034,74553
2014-04,Puerto Rico,0,1221
2014-04,Rhode Island,0,1667
2014-04,South Carolina,6671,21621
2014-04,South Dakota,9,6054
2014-04,Tennessee,7903,36861
2014-04,Texas,18481,101103
2014-04,Utah,23149,29587
2014-04,Vermont,0,3114
2014-04,Virgin Islands,77,103
2014-04,Virginia,0,31037
2014-04,Washington,18752,46446
2014-04,West Virginia,1150,16702
2014-04,Wisconsin,5940,32375
2014-04,Wyoming,617,5508
2014-03,Alabama,21849,57656
2014-03,Alaska,259,7271
2014-03,Arizona,3704,28307
2014-03,Arkansas,4992,20173
2014-03,California,52153,137660
2014-03,Colorado,4661,38547
2014-03,Connecticut,17496,36553
2014-03,Delaware,334,3534
2014-03,District of Columbia,0,48
2014-03,Florida,32405,104835
2014-03,Georgia,16042,45841
2014-03,Guam,0,205
2014-03,Hawaii,1333,1333
2014-03,Idaho,5538,14322
2014-03,Illinois,102752,145597
2014-03,Indiana,12438,52880
2014-03,Iowa,9748,13686
2014-03,Kansas,2493,16410
2014-03,Kentucky,257321,280948
2014-03,Louisiana,0,25477
2014-03,Maine,0,7591
2014-03,Mariana Islands,0,0
2014-03,Maryland,2843,17071
2014-03,Massachusetts,9160,20176
2014-03,Michigan,16900,42636
2014-03,Minnesota,25822,50582
2014-03,Mississippi,758,17334
2014-03,Missouri,5224,46051
2014-03,Montana,1270,11045
2014-03,Nebraska,4128,6437
2014-03,Nevada,2428,11769
2014-03,New Hampshire,3631,12519
2014-03,New Jersey,0,9726
2014-03,New Mexico,715,13550
2014-03,New York,7078,33819
2014-03,North Carolina,522188,541978
2014-03,North Dakota,583,6329
2014-03,Ohio,0,59244
2014-03,Oklahoma,0,30087
2014-03,Oregon,106,24346
2014-03,Pennsylvania,25102,93402
2014-03,Puerto Rico,0,1431
2014-03,Rhode Island,0,2208
2014-03,South Carolina,9518,28436
2014-03,South Dakota,8,7538
2014-03,Tennessee,7488,43344
2014-03,Texas,26007,130310
2014-03,Utah,14828,22924
2014-03,Vermont,0,3305
2014-03,Virgin Islands,90,108
2014-03,Virginia,0,40700
2014-03,Washington,12531,45491
2014-03,West Virginia,1336,20942
2014-03,Wisconsin,6122,37199
2014-03,Wyoming,523,5699
2014-02,Alabama,21593,63947
2014-02,Alaska,115,6353
2014-02,Arizona,3487,29657
2014-02,Arkansas,3910,24599
2014-02,California,36848,111341
2014-02,Colorado,4949,36936
2014-02,Connecticut,12879,29640
2014-02,Delaware,326,3207
2014-02,District of Columbia,0,28
2014-02,Florida,20119,100876
2014-02,Georgia,14467,50459
2014-02,Guam,0,158
2014-02,Hawaii,1222,1222
2014-02,Idaho,2266,11822
2014-02,Illinois,78016,115903
2014-02,Indiana,12042,51976
2014-02,Iowa,9818,13167
2014-02,Kansas,1737,17798
2014-02,Kentucky,227921,259837
2014-02,Louisiana,0,28120
2014-02,Maine,0,7101
2014-02,Mariana Islands,0,1
2014-02,Maryland,2983,18999
2014-02,Massachusetts,7997,16662
2014-02,Michigan,12488,35449
2014-02,Minnesota,20865,40503
2014-02,Mississippi,808,21805
2014-02,Missouri,4154,48674
2014-02,Montana,950,10352
2014-02,Nebraska,3945,6384
2014-02,Nevada,2261,11879
2014-02,New Hampshire,2718,10204
2014-02,New Jersey,0,7762
2014-02,New Mexico,586,13859
2014-02,New York,4043,27317
2014-02,North Carolina,199748,224667
2014-02,North Dakota,1291,6472
2014-02,Ohio,0,59527
2014-02,Oklahoma,0,33901
2014-02,Oregon,38,23197
2014-02,Pennsylvania,19168,76916
2014-02,Puerto Rico,0,1386
2014-02,Rhode Island,0,1897
2014-02,South Carolina,6641,28440
2014-02,South Dakota,5,7897
2014-02,Tennessee,10826,55684
2014-02,Texas,26564,147793
2014-02,Utah,12811,21548
2014-02,Vermont,0,3132
2014-02,Virgin Islands,88,108
2014-02,Virginia,0,42073
2014-02,Washington,10915,44399
2014-02,West Virginia,942,23569
2014-02,Wisconsin,4910,31698
2014-02,Wyoming,508,5677
2014-01,Alabama,21881,52138
2014-01,Alaska,169,4951
2014-01,Arizona,4382,24458
2014-01,Arkansas,4330,17158
2014-01,California,33962,100054
2014-01,Colorado,6273,33328
2014-01,Connecticut,16334,28542
2014-01,Delaware,61,2486
2014-01,District of Columbia,0,52
2014-01,Florida,16053,82342
2014-01,Georgia,14232,36627
2014-01,Guam,0,173
2014-01,Hawaii,1337,1337
2014-01,Idaho,1923,8532
2014-01,Illinois,89150,121288
2014-01,Indiana,11324,38520
2014-01,Iowa,10269,13003
2014-01,Kansas,1706,14248
2014-01,Kentucky,240641,258471
2014-01,Louisiana,0,22584
2014-01,Maine,0,5673
2014-01,Mariana Islands,0,0
2014-01,Maryland,3090,21715
2014-01,Massachusetts,9297,17908
2014-01,Michigan,14010,29623
2014-01,Minnesota,18556,34528
2014-01,Mississippi,688,14902
2014-01,Missouri,3987,36903
2014-01,Montana,999,8273
2014-01,Nebraska,3945,6115
2014-01,Nevada,1994,9387
2014-01,New Hampshire,3182,9884
2014-01,New Jersey,0,7954
2014-01,New Mexico,443,10183
2014-01,New York,4196,25551
2014-01,North Carolina,24661,41804
2014-01,North Dakota,1205,5594
2014-01,Ohio,0,40864
2014-01,Oklahoma,0,26608
2014-01,Oregon,47,19504
2014-01,Pennsylvania,21228,69963
2014-01,Puerto Rico,0,1400
2014-01,Rhode Island,0,1646
2014-01,South Carolina,7415,22356
2014-01,South Dakota,0,6101
2014-01,Tennessee,13942,45597
2014-01,Texas,39851,130524
2014-01,Utah,15423,21908
2014-01,Vermont,0,2138
2014-01,Virgin Islands,111,131
2014-01,Virginia,0,31647
2014-01,Washington,11997,40612
2014-01,West Virginia,770,15350
2014-01,Wisconsin,4486,23568
2014-01,Wyoming,505,4359
